sim_time,left_pwm,right_pwm,model_pos_x,model_pos_y,theta
4.164,3,3,0.001,0.0,0.008
4.203,3,3,0.007,0.0,0.01
4.294,3,3,0.032,0.0,0.029
4.399,3,3,0.062,0.0,0.037
4.494,3,3,0.089,0.0,0.044
4.598,3,3,0.119,0.0,0.05
4.702,3,3,0.146,0.0,0.053
4.796,3,3,0.172,0.0,0.056
4.894,3,3,0.199,0.0,0.058
5.01,3,3,0.232,0.0,0.062
5.094,3,3,0.253,0.0,0.065
5.194,3,3,0.279,0.0,0.07
5.301,3,3,0.308,0.0,0.075
5.396,3,3,0.331,0.0,0.08
5.502,3,3,0.359,0.0,0.087
5.594,3,3,0.382,0.0,0.096
5.695,3,3,0.408,0.0,0.11
5.801,3,3,0.434,0.0,0.128
5.9,3,3,0.458,0.0,0.145
5.995,3,3,0.481,0.0,0.163
6.094,3,3,0.505,0.0,0.182
6.197,3,3,0.53,0.0,0.205
6.294,3,3,0.553,0.0,0.228
6.399,3,3,0.577,0.0,0.257
6.494,3,3,0.599,0.0,0.282
6.603,3,3,0.624,0.0,0.316
6.703,3,3,0.647,0.0,0.35
6.797,3,3,0.667,0.0,0.383
6.896,3,3,0.69,0.0,0.422
6.995,3,3,0.711,0.001,0.464
7.097,3,3,0.733,0.001,0.506
7.194,3,3,0.754,0.001,0.547
7.297,3,3,0.776,0.001,0.593
7.412,3,3,0.8,0.001,0.649
7.496,3,3,0.817,0.001,0.692
7.603,3,3,0.839,0.001,0.753
7.699,3,3,0.858,0.002,0.81
7.799,3,3,0.878,0.002,0.872
7.902,3,3,0.899,0.002,0.944
8.0,3,3,0.917,0.002,1.011
8.093,3,3,0.935,0.002,1.081
8.194,3,3,0.954,0.003,1.16
8.297,3,3,0.973,0.003,1.25
8.396,3,3,0.991,0.003,1.336
8.496,3,3,1.009,0.003,1.438
8.597,3,3,1.029,0.004,1.555
8.697,3,3,1.045,0.004,1.658
8.795,3,3,1.062,0.004,1.78
8.895,3,3,1.079,0.005,1.902
8.999,3,3,1.096,0.005,2.036
9.094,3,3,1.111,0.005,2.168
9.195,3,3,1.128,0.006,2.321
9.295,3,3,1.143,0.006,2.467
9.401,3,3,1.162,0.006,2.653
9.495,3,3,1.177,0.007,2.818
9.594,3,3,1.19,0.007,2.975
9.694,3,3,1.204,0.008,3.15
9.795,3,3,1.219,0.008,3.344
9.911,3,3,1.237,0.009,3.58
9.995,3,3,1.248,0.009,3.748
10.096,3,3,1.262,0.01,3.962
10.196,3,3,1.275,0.011,4.184
10.294,3,3,1.289,0.011,4.406
10.396,3,3,1.303,0.012,4.665
10.495,3,3,1.315,0.012,4.9
10.597,3,3,1.328,0.013,5.144
10.695,3,3,1.341,0.014,5.417
10.795,3,3,1.352,0.015,5.672
10.897,3,3,1.364,0.015,5.945
11.0,3,3,1.376,0.016,6.218
11.102,3,3,1.388,0.017,6.508
11.2,3,3,1.399,0.018,6.797
11.296,3,3,1.409,0.018,7.086
11.394,3,3,1.42,0.019,7.381
11.499,3,3,1.431,0.02,7.705
11.595,3,3,1.441,0.021,8.011
11.696,3,3,1.451,0.022,8.333
11.796,3,3,1.461,0.023,8.68
11.895,3,3,1.47,0.024,8.989
11.996,3,3,1.479,0.024,9.331
12.096,3,3,1.488,0.025,9.664
12.194,3,3,1.497,0.026,10.013
12.298,3,3,1.506,0.027,10.344
12.397,3,3,1.514,0.028,10.685
12.498,3,3,1.522,0.029,11.026
12.6,3,3,1.529,0.03,11.365
12.707,3,3,1.537,0.031,11.745
12.797,3,3,1.544,0.032,12.032
12.905,3,3,1.551,0.033,12.389
12.999,3,3,1.557,0.033,12.672
13.099,3,3,1.563,0.034,12.983
13.2,3,3,1.569,0.035,13.283
13.296,3,3,1.575,0.036,13.573
13.399,3,3,1.581,0.037,13.902
13.508,3,3,1.586,0.038,14.191
13.598,3,3,1.591,0.038,14.485
13.696,3,3,1.594,0.039,14.714
13.8,3,3,1.599,0.04,14.987
13.894,3,3,1.603,0.04,15.239
14.001,3,3,1.607,0.041,15.48
14.094,3,3,1.61,0.042,15.693
14.194,3,3,1.614,0.042,15.906
14.299,3,3,1.617,0.043,16.132
14.403,3,3,1.62,0.043,16.311
14.495,3,3,1.622,0.044,16.467
14.596,3,3,1.624,0.044,16.636
14.695,3,3,1.626,0.044,16.766
14.796,3,3,1.628,0.045,16.897
14.895,3,3,1.63,0.045,17.01
14.997,3,3,1.631,0.045,17.114
15.098,3,3,1.632,0.045,17.192
15.199,3,3,1.633,0.046,17.249
15.295,3,3,1.634,0.046,17.29
15.394,3,3,1.634,0.046,17.315
15.494,3,3,1.634,0.046,17.323
15.536,3,4,1.635,0.046,17.336
15.604,3,4,1.651,0.052,17.535
15.699,3,4,1.683,0.06,18.703
15.795,3,4,1.712,0.068,20.014
15.894,3,4,1.742,0.077,21.444
15.996,3,4,1.774,0.087,23.063
16.097,3,4,1.804,0.097,24.716
16.198,3,4,1.833,0.108,26.409
16.295,3,4,1.861,0.119,28.133
16.395,3,4,1.889,0.131,29.984
16.494,3,4,1.918,0.144,32.02
16.596,3,4,1.945,0.157,34.126
16.695,3,4,1.972,0.171,36.252
16.795,3,4,1.998,0.186,38.389
16.898,3,4,2.024,0.203,40.662
16.998,3,4,2.048,0.22,42.749
17.096,3,4,2.072,0.238,44.651
17.195,3,4,2.093,0.255,46.26
17.298,3,4,2.116,0.275,48.163
17.394,3,4,2.134,0.292,49.696
17.502,3,4,2.157,0.314,51.722
17.596,3,4,2.173,0.331,53.171
17.696,3,4,2.191,0.351,54.876
17.794,3,4,2.208,0.37,56.481
17.9,3,4,2.226,0.392,58.276
17.995,3,4,2.24,0.411,59.75
18.095,3,4,2.255,0.432,61.352
18.195,3,4,2.269,0.452,63.011
18.295,3,4,2.282,0.472,64.695
18.395,3,4,2.294,0.493,66.352
18.511,3,4,2.308,0.517,68.29
18.597,3,4,2.318,0.535,69.682
18.695,3,4,2.328,0.557,71.236
18.797,3,4,2.338,0.578,72.648
18.895,3,4,2.346,0.598,73.95
18.995,3,4,2.354,0.619,75.216
19.099,3,4,2.362,0.641,76.43
19.196,3,4,2.368,0.662,77.504
19.295,3,4,2.374,0.682,78.451
19.396,3,4,2.38,0.703,79.263
19.495,3,4,2.384,0.722,79.888
19.614,3,4,2.39,0.747,80.59
19.696,3,4,2.393,0.762,80.975
19.795,3,4,2.396,0.781,81.366
19.899,3,4,2.4,0.801,81.669
20.002,3,4,2.403,0.821,81.878
20.107,3,4,2.406,0.842,82.007
20.194,3,4,2.409,0.857,82.042
20.297,3,4,2.411,0.878,82.001
20.394,3,4,2.413,0.894,81.899
20.498,3,4,2.416,0.914,81.684
20.603,3,4,2.418,0.931,81.411
20.699,3,4,2.42,0.948,81.059
20.8,3,4,2.422,0.965,80.63
20.897,3,4,2.424,0.982,80.113
20.995,3,4,2.426,0.998,79.569
21.098,3,4,2.428,1.016,78.84
21.194,3,4,2.43,1.03,78.178
21.295,3,4,2.432,1.046,77.388
21.406,3,4,2.434,1.065,76.362
21.497,3,4,2.436,1.078,75.604
21.596,3,4,2.438,1.092,74.79
21.697,3,4,2.441,1.107,73.878
21.798,3,4,2.444,1.124,72.71
21.895,3,4,2.446,1.135,71.955
21.995,3,4,2.449,1.149,70.873
22.096,3,4,2.451,1.162,69.859
22.208,3,4,2.455,1.177,68.616
22.294,3,4,2.457,1.188,67.627
22.395,3,4,2.46,1.2,66.433
22.497,3,4,2.464,1.213,65.183
22.6,3,4,2.467,1.226,63.817
22.698,3,4,2.47,1.236,62.602
22.797,3,4,2.473,1.248,61.276
22.895,3,4,2.476,1.258,59.961
23.007,3,4,2.48,1.27,58.333
23.094,3,4,2.484,1.279,57.08
23.196,3,4,2.487,1.289,55.586
23.297,3,4,2.491,1.299,54.008
23.399,3,4,2.494,1.308,52.476
23.505,3,4,2.498,1.317,50.866
23.595,3,4,2.501,1.325,49.441
23.695,3,4,2.505,1.333,47.866
23.807,3,4,2.509,1.342,46.103
23.897,3,4,2.512,1.348,44.787
23.996,3,4,2.515,1.356,43.244
24.095,3,4,2.518,1.361,42.07
24.198,3,4,2.521,1.368,40.611
24.298,3,4,2.525,1.373,39.494
24.398,3,4,2.528,1.378,38.32
24.497,3,4,2.531,1.383,37.215
24.6,3,4,2.536,1.39,35.63
24.701,3,4,2.538,1.393,34.87
24.799,3,4,2.541,1.397,33.903
24.902,3,4,2.543,1.401,32.924
25.004,3,4,2.546,1.404,31.911
25.094,3,4,2.548,1.407,31.016
25.197,3,4,2.55,1.41,30.054
25.3,3,4,2.552,1.414,29.034
25.394,3,4,2.553,1.416,28.302
25.497,3,4,2.555,1.418,27.384
25.597,3,4,2.556,1.42,26.65
25.694,3,4,2.557,1.422,25.926
25.796,3,4,2.558,1.424,25.192
25.903,3,4,2.559,1.426,24.542
25.995,3,4,2.559,1.427,24.04
26.098,3,4,2.56,1.428,23.556
26.199,3,4,2.561,1.429,23.15
26.294,3,4,2.561,1.43,22.867
26.41,3,4,2.561,1.43,22.603
26.503,3,4,2.561,1.43,22.473
26.597,3,4,2.561,1.431,22.421
26.695,3,4,2.562,1.431,22.408
26.75,3,5,2.562,1.431,22.416
26.8,3,5,2.574,1.437,22.559
26.895,3,5,2.605,1.449,23.949
27.001,3,5,2.643,1.462,26.434
27.095,3,5,2.678,1.475,28.806
27.198,3,5,2.711,1.489,31.307
27.296,3,5,2.746,1.505,34.226
27.397,3,5,2.775,1.521,36.844
27.506,3,5,2.809,1.541,40.037
27.596,3,5,2.835,1.557,42.55
27.696,3,5,2.865,1.579,45.698
27.797,3,5,2.894,1.602,48.974
27.895,3,5,2.918,1.623,51.907
28.001,3,5,2.946,1.65,55.399
28.095,3,5,2.966,1.672,58.103
28.201,3,5,2.991,1.703,61.613
28.295,3,5,3.007,1.725,63.822
28.4,3,5,3.026,1.756,66.524
28.496,3,5,3.04,1.782,68.56
28.597,3,5,3.055,1.811,70.851
28.698,3,5,3.069,1.84,73.067
28.794,3,5,3.081,1.87,75.245
28.899,3,5,3.093,1.901,77.441
28.997,3,5,3.102,1.93,79.442
29.096,3,5,3.11,1.959,81.317
29.198,3,5,3.118,1.989,83.196
29.294,3,5,3.124,2.018,85.0
29.394,3,5,3.129,2.048,86.932
29.495,3,5,3.134,2.08,88.917
29.594,3,5,3.136,2.107,90.518
29.706,3,5,3.139,2.141,92.352
29.799,3,5,3.14,2.167,93.683
29.894,3,5,3.14,2.194,94.895
30.0,3,5,3.139,2.225,96.076
30.103,3,5,3.137,2.253,96.992
30.196,3,5,3.135,2.28,97.807
30.298,3,5,3.132,2.306,98.622
30.399,3,5,3.13,2.335,99.611
30.5,3,5,3.127,2.361,100.606
30.598,3,5,3.124,2.388,101.794
30.694,3,5,3.12,2.411,102.812
30.794,3,5,3.116,2.438,103.954
30.896,3,5,3.112,2.464,105.189
30.996,3,5,3.107,2.489,106.44
31.094,3,5,3.101,2.518,107.973
31.196,3,5,3.096,2.539,109.186
31.305,3,5,3.089,2.567,110.847
31.396,3,5,3.083,2.588,112.196
31.497,3,5,3.076,2.613,113.945
31.595,3,5,3.069,2.634,115.488
31.696,3,5,3.061,2.658,117.259
31.795,3,5,3.053,2.68,118.997
31.895,3,5,3.043,2.704,120.947
31.995,3,5,3.034,2.723,122.622
32.106,3,5,3.023,2.746,124.809
32.197,3,5,3.015,2.764,126.518
32.296,3,5,3.005,2.782,128.336
32.399,3,5,2.994,2.8,130.262
32.502,3,5,2.983,2.818,132.241
32.595,3,5,2.973,2.834,134.035
32.701,3,5,2.96,2.852,136.238
32.796,3,5,2.949,2.866,138.046
32.896,3,5,2.938,2.88,139.921
32.995,3,5,2.926,2.894,141.86
33.103,3,5,2.91,2.911,144.429
33.2,3,5,2.901,2.921,145.965
33.295,3,5,2.888,2.934,147.922
33.396,3,5,2.876,2.945,149.765
33.496,3,5,2.863,2.956,151.682
33.595,3,5,2.85,2.966,153.571
33.694,3,5,2.838,2.976,155.353
33.795,3,5,2.824,2.985,157.268
33.895,3,5,2.811,2.994,159.102
33.995,3,5,2.797,3.002,160.871
34.099,3,5,2.782,3.011,162.705
34.199,3,5,2.769,3.017,164.251
34.296,3,5,2.756,3.023,165.723
34.409,3,5,2.741,3.03,167.322
34.494,3,5,2.729,3.034,168.437
34.6,3,5,2.716,3.039,169.707
34.694,3,5,2.703,3.043,170.742
34.796,3,5,2.689,3.047,171.676
34.896,3,5,2.677,3.05,172.372
34.994,3,5,2.664,3.052,173.004
35.096,3,5,2.651,3.055,173.537
35.212,3,5,2.637,3.057,173.966
35.298,3,5,2.627,3.058,174.17
35.404,3,5,2.614,3.06,174.333
35.495,3,5,2.605,3.061,174.384
35.598,3,5,2.593,3.062,174.371
35.698,3,5,2.581,3.063,174.254
35.795,3,5,2.572,3.063,174.091
35.899,3,5,2.562,3.064,173.832
35.994,3,5,2.552,3.065,173.591
36.096,3,5,2.54,3.065,173.283
36.194,3,5,2.533,3.066,173.075
36.295,3,5,2.523,3.067,172.809
36.395,3,5,2.514,3.067,172.544
36.496,3,5,2.506,3.068,172.276
36.594,3,5,2.497,3.069,172.01
36.695,3,5,2.489,3.069,171.738
36.795,3,5,2.481,3.07,171.459
36.895,3,5,2.473,3.071,171.197
36.995,3,5,2.465,3.072,170.914
37.097,3,5,2.458,3.072,170.657
37.195,3,5,2.451,3.073,170.393
37.296,3,5,2.445,3.074,170.127
37.397,3,5,2.438,3.074,169.863
37.494,3,5,2.432,3.075,169.614
37.598,3,5,2.426,3.076,169.351
37.694,3,5,2.42,3.076,169.112
37.794,3,5,2.415,3.077,168.868
37.896,3,5,2.409,3.078,168.625
37.996,3,5,2.405,3.078,168.403
38.094,3,5,2.4,3.079,168.192
38.195,3,5,2.396,3.079,167.985
38.295,3,5,2.391,3.08,167.781
38.395,3,5,2.388,3.08,167.591
38.494,3,5,2.384,3.081,167.412
38.598,3,5,2.381,3.081,167.242
38.703,3,5,2.377,3.082,167.065
38.794,3,5,2.375,3.082,166.947
38.895,3,5,2.372,3.082,166.81
38.996,3,5,2.37,3.083,166.691
39.095,3,5,2.368,3.083,166.584
39.194,3,5,2.366,3.083,166.492
39.296,3,5,2.364,3.084,166.411
39.394,3,5,2.363,3.084,166.344
39.497,3,5,2.362,3.084,166.291
39.595,3,5,2.361,3.084,166.257
39.695,3,5,2.361,3.084,166.235
39.795,3,5,2.361,3.084,166.225
39.904,3,5,2.361,3.084,166.222
39.949,3,6,2.36,3.085,166.214
40.002,3,6,2.347,3.089,166.215
40.094,3,6,2.322,3.096,166.757
40.194,3,6,2.287,3.108,168.484
40.295,3,6,2.241,3.12,171.061
40.399,3,6,2.196,3.131,173.908
40.498,3,6,2.152,3.14,176.829
40.595,3,6,2.112,3.146,179.608
40.7,3,6,2.067,3.15,-177.325
40.801,3,6,2.027,3.152,-175.021
40.894,3,6,1.989,3.151,-172.996
40.995,3,6,1.948,3.149,-170.899
41.096,3,6,1.908,3.145,-168.964
41.197,3,6,1.865,3.14,-166.885
41.294,3,6,1.829,3.134,-165.069
41.394,3,6,1.791,3.127,-163.031
41.495,3,6,1.751,3.118,-160.855
41.594,3,6,1.714,3.109,-158.425
41.695,3,6,1.675,3.097,-155.576
41.795,3,6,1.64,3.086,-152.926
41.896,3,6,1.603,3.072,-149.978
41.997,3,6,1.568,3.056,-147.041
42.097,3,6,1.535,3.04,-144.245
42.197,3,6,1.504,3.022,-141.623
42.294,3,6,1.474,3.003,-139.025
42.401,3,6,1.443,2.982,-136.179
42.494,3,6,1.417,2.962,-133.658
42.598,3,6,1.39,2.939,-130.892
42.695,3,6,1.365,2.915,-128.479
42.797,3,6,1.339,2.889,-125.952
42.901,3,6,1.316,2.862,-123.445
42.996,3,6,1.295,2.837,-121.153
43.1,3,6,1.273,2.808,-118.58
43.194,3,6,1.254,2.781,-116.212
43.297,3,6,1.236,2.751,-113.728
43.395,3,6,1.219,2.722,-111.357
43.498,3,6,1.203,2.691,-108.99
43.596,3,6,1.189,2.66,-106.698
43.703,3,6,1.177,2.63,-104.552
43.797,3,6,1.167,2.602,-102.626
43.894,3,6,1.158,2.574,-100.734
43.996,3,6,1.149,2.545,-98.835
44.099,3,6,1.142,2.513,-96.928
44.195,3,6,1.136,2.486,-95.332
44.296,3,6,1.131,2.457,-93.686
44.395,3,6,1.127,2.428,-92.163
44.497,3,6,1.123,2.398,-90.693
44.598,3,6,1.121,2.368,-89.277
44.703,3,6,1.119,2.339,-88.06
44.795,3,6,1.119,2.309,-86.859
44.894,3,6,1.119,2.284,-85.929
45.006,3,6,1.12,2.25,-84.887
45.096,3,6,1.121,2.227,-84.34
45.195,3,6,1.123,2.199,-83.694
45.295,3,6,1.125,2.171,-82.989
45.395,3,6,1.127,2.142,-82.177
45.5,3,6,1.13,2.113,-81.323
45.595,3,6,1.132,2.089,-80.576
45.694,3,6,1.135,2.063,-79.71
45.794,3,6,1.138,2.037,-78.777
45.896,3,6,1.142,2.009,-77.646
45.994,3,6,1.146,1.985,-76.621
46.095,3,6,1.15,1.96,-75.46
46.195,3,6,1.155,1.932,-73.922
46.295,3,6,1.159,1.912,-72.725
46.396,3,6,1.163,1.888,-71.184
46.499,3,6,1.169,1.864,-69.522
46.596,3,6,1.175,1.841,-67.77
46.734,3,6,1.183,1.811,-65.276
46.795,3,6,1.187,1.799,-64.287
46.9,3,6,1.194,1.777,-62.249
47.001,3,6,1.202,1.755,-60.128
47.094,3,6,1.209,1.736,-58.163
47.197,3,6,1.218,1.715,-55.913
47.298,3,6,1.228,1.694,-53.464
47.397,3,6,1.237,1.675,-51.251
47.497,3,6,1.247,1.658,-49.081
47.596,3,6,1.258,1.639,-46.641
47.699,3,6,1.269,1.621,-44.259
47.795,3,6,1.28,1.606,-42.044
47.897,3,6,1.292,1.591,-39.813
47.995,3,6,1.304,1.576,-37.667
48.097,3,6,1.317,1.563,-35.878
48.196,3,6,1.33,1.55,-34.13
48.295,3,6,1.343,1.537,-32.384
48.394,3,6,1.357,1.526,-30.682
48.499,3,6,1.371,1.514,-28.926
48.599,3,6,1.385,1.503,-27.239
48.699,3,6,1.399,1.493,-25.591
48.806,3,6,1.413,1.484,-23.959
48.899,3,6,1.427,1.475,-22.405
48.995,3,6,1.438,1.468,-21.134
49.094,3,6,1.452,1.46,-19.718
49.196,3,6,1.466,1.453,-18.314
49.296,3,6,1.479,1.446,-16.994
49.396,3,6,1.492,1.44,-15.724
49.496,3,6,1.506,1.434,-14.496
49.595,3,6,1.519,1.429,-13.384
49.705,3,6,1.534,1.423,-12.152
49.797,3,6,1.544,1.42,-11.347
49.895,3,6,1.556,1.416,-10.463
49.994,3,6,1.568,1.412,-9.618
50.097,3,6,1.582,1.409,-8.79
50.194,3,6,1.593,1.406,-8.224
50.294,3,6,1.605,1.404,-7.675
50.399,3,6,1.617,1.401,-7.236
50.496,3,6,1.628,1.4,-6.928
50.601,3,6,1.638,1.398,-6.752
50.696,3,6,1.648,1.397,-6.694
50.794,3,6,1.66,1.396,-6.769
50.896,3,6,1.669,1.395,-6.936
51.001,3,6,1.68,1.394,-7.222
51.102,3,6,1.689,1.393,-7.494
51.195,3,6,1.697,1.393,-7.746
51.294,3,6,1.707,1.392,-8.038
51.397,3,6,1.716,1.391,-8.336
51.494,3,6,1.724,1.391,-8.615
51.595,3,6,1.732,1.39,-8.913
51.698,3,6,1.741,1.389,-9.226
51.802,3,6,1.749,1.388,-9.528
51.895,3,6,1.756,1.387,-9.805
51.996,3,6,1.763,1.387,-10.105
52.094,3,6,1.771,1.386,-10.403
52.194,3,6,1.777,1.385,-10.676
52.295,3,6,1.784,1.384,-10.966
52.394,3,6,1.79,1.384,-11.26
52.496,3,6,1.796,1.383,-11.533
52.599,3,6,1.802,1.382,-11.833
52.696,3,6,1.807,1.382,-12.05
52.794,3,6,1.812,1.381,-12.287
52.897,3,6,1.818,1.38,-12.542
52.997,3,6,1.822,1.38,-12.785
53.101,3,6,1.827,1.379,-13.035
53.206,3,6,1.831,1.378,-13.249
53.297,3,6,1.835,1.378,-13.451
53.395,3,6,1.839,1.377,-13.632
53.496,3,6,1.842,1.377,-13.829
53.595,3,6,1.845,1.376,-13.996
53.7,3,6,1.848,1.376,-14.178
53.795,3,6,1.851,1.375,-14.31
53.896,3,6,1.853,1.375,-14.446
54.001,3,6,1.855,1.375,-14.572
54.097,3,6,1.857,1.374,-14.671
54.196,3,6,1.859,1.374,-14.77
54.296,3,6,1.86,1.374,-14.84
54.394,3,6,1.861,1.374,-14.9
54.505,3,6,1.862,1.374,-14.952
54.598,3,6,1.862,1.374,-14.977
54.698,3,6,1.863,1.373,-14.99
54.794,3,6,1.863,1.373,-14.993
54.838,4,3,1.863,1.373,-15.003
54.899,4,3,1.878,1.368,-15.179
54.995,4,3,1.909,1.361,-16.172
55.1,4,3,1.943,1.353,-17.392
55.195,4,3,1.975,1.345,-18.603
55.303,4,3,2.007,1.336,-19.866
55.397,4,3,2.036,1.327,-21.094
55.497,4,3,2.067,1.318,-22.454
55.594,4,3,2.095,1.308,-23.81
55.694,4,3,2.125,1.297,-25.286
55.804,4,3,2.157,1.285,-26.948
55.898,4,3,2.184,1.274,-28.535
56.002,4,3,2.213,1.262,-30.546
56.094,4,3,2.238,1.25,-32.398
56.197,4,3,2.265,1.236,-34.484
56.295,4,3,2.29,1.223,-36.495
56.398,4,3,2.318,1.207,-38.789
56.503,4,3,2.342,1.192,-40.921
56.595,4,3,2.364,1.177,-42.924
56.694,4,3,2.386,1.16,-45.089
56.804,4,3,2.41,1.142,-47.438
56.894,4,3,2.428,1.126,-49.363
57.004,4,3,2.449,1.106,-51.474
57.096,4,3,2.468,1.087,-53.153
57.195,4,3,2.484,1.069,-54.729
57.299,4,3,2.502,1.049,-56.437
57.395,4,3,2.517,1.03,-58.006
57.494,4,3,2.533,1.01,-59.615
57.604,4,3,2.549,0.987,-61.349
57.697,4,3,2.562,0.968,-62.829
57.799,4,3,2.575,0.948,-64.318
57.917,4,3,2.59,0.923,-66.099
57.994,4,3,2.598,0.908,-67.196
58.097,4,3,2.612,0.882,-68.994
58.201,4,3,2.621,0.864,-70.207
58.299,4,3,2.63,0.844,-71.462
58.395,4,3,2.639,0.824,-72.655
58.494,4,3,2.647,0.803,-73.8
58.594,4,3,2.655,0.782,-74.92
58.696,4,3,2.662,0.761,-75.881
58.795,4,3,2.669,0.74,-76.846
58.895,4,3,2.675,0.722,-77.644
58.994,4,3,2.68,0.703,-78.376
59.094,4,3,2.685,0.683,-79.018
59.196,4,3,2.69,0.663,-79.582
59.295,4,3,2.694,0.645,-79.976
59.398,4,3,2.697,0.626,-80.268
59.494,4,3,2.701,0.608,-80.441
59.595,4,3,2.704,0.59,-80.537
59.695,4,3,2.707,0.57,-80.549
59.796,4,3,2.71,0.553,-80.48
59.897,4,3,2.712,0.536,-80.334
59.994,4,3,2.715,0.519,-80.115
60.095,4,3,2.717,0.502,-79.826
60.197,4,3,2.72,0.485,-79.488
60.295,4,3,2.722,0.469,-79.092
60.394,4,3,2.724,0.453,-78.624
60.494,4,3,2.726,0.437,-78.069
60.597,4,3,2.729,0.421,-77.418
60.698,4,3,2.731,0.406,-76.728
60.795,4,3,2.733,0.39,-75.915
60.899,4,3,2.736,0.374,-75.069
60.996,4,3,2.738,0.362,-74.335
61.095,4,3,2.74,0.348,-73.412
61.194,4,3,2.742,0.335,-72.538
61.297,4,3,2.745,0.319,-71.415
61.396,4,3,2.748,0.308,-70.532
61.499,4,3,2.75,0.295,-69.439
61.599,4,3,2.753,0.283,-68.425
61.695,4,3,2.756,0.272,-67.406
61.799,4,3,2.759,0.26,-66.254
61.896,4,3,2.761,0.249,-65.138
61.996,4,3,2.765,0.237,-63.886
62.099,4,3,2.768,0.227,-62.72
62.196,4,3,2.77,0.217,-61.564
62.301,4,3,2.774,0.206,-60.172
62.396,4,3,2.777,0.197,-59.031
62.503,4,3,2.78,0.187,-57.623
62.601,4,3,2.783,0.178,-56.344
62.694,4,3,2.786,0.169,-55.03
62.795,4,3,2.79,0.161,-53.654
62.894,4,3,2.793,0.152,-52.178
62.998,4,3,2.796,0.143,-50.745
63.1,4,3,2.8,0.135,-49.268
63.198,4,3,2.803,0.128,-47.829
63.294,4,3,2.806,0.121,-46.444
63.394,4,3,2.81,0.114,-44.883
63.494,4,3,2.812,0.108,-43.53
63.596,4,3,2.816,0.101,-42.039
63.695,4,3,2.819,0.095,-40.632
63.8,4,3,2.822,0.089,-39.061
63.902,4,3,2.824,0.084,-37.709
64.003,4,3,2.827,0.079,-36.313
64.096,4,3,2.83,0.074,-35.018
64.196,4,3,2.832,0.07,-33.782
64.3,4,3,2.834,0.066,-32.436
64.397,4,3,2.836,0.062,-31.309
64.497,4,3,2.839,0.058,-30.081
64.593,4,3,2.84,0.055,-29.072
64.694,4,3,2.842,0.052,-27.971
64.804,4,3,2.844,0.049,-26.913
64.896,4,3,2.845,0.047,-26.013
64.997,4,3,2.846,0.045,-25.171
65.102,4,3,2.847,0.043,-24.329
65.203,4,3,2.848,0.041,-23.661
65.298,4,3,2.848,0.04,-23.094
65.394,4,3,2.849,0.039,-22.66
65.504,4,3,2.849,0.038,-22.25
65.596,4,3,2.85,0.037,-22.021
65.696,4,3,2.85,0.037,-21.872
65.797,4,3,2.85,0.037,-21.812
65.896,4,3,2.85,0.037,-21.806
65.942,4,4,2.851,0.036,-21.824
66.013,4,4,2.875,0.025,-21.923
66.095,4,4,2.899,0.015,-21.989
66.195,4,4,2.934,0.001,-22.117
66.295,4,4,2.972,-0.013,-22.295
66.394,4,4,3.005,-0.026,-22.491
66.499,4,4,3.042,-0.041,-22.776
66.595,4,4,3.072,-0.053,-23.043
66.695,4,4,3.106,-0.067,-23.407
66.802,4,4,3.143,-0.082,-23.854
66.907,4,4,3.176,-0.096,-24.32
66.996,4,4,3.205,-0.108,-24.762
67.096,4,4,3.239,-0.123,-25.404
67.194,4,4,3.271,-0.137,-26.114
67.296,4,4,3.3,-0.15,-26.849
67.405,4,4,3.337,-0.167,-27.855
67.497,4,4,3.364,-0.18,-28.657
67.599,4,4,3.394,-0.195,-29.589
67.695,4,4,3.421,-0.209,-30.522
67.795,4,4,3.45,-0.224,-31.564
67.901,4,4,3.482,-0.241,-32.838
67.994,4,4,3.506,-0.255,-33.712
68.094,4,4,3.534,-0.272,-34.69
68.197,4,4,3.561,-0.289,-35.646
68.294,4,4,3.586,-0.305,-36.594
68.397,4,4,3.612,-0.323,-37.643
68.5,4,4,3.64,-0.342,-38.784
68.597,4,4,3.664,-0.359,-39.798
68.696,4,4,3.686,-0.376,-40.771
68.795,4,4,3.708,-0.393,-41.818
68.899,4,4,3.732,-0.412,-42.957
69.003,4,4,3.757,-0.433,-44.262
69.104,4,4,3.778,-0.45,-45.355
69.195,4,4,3.797,-0.467,-46.396
69.297,4,4,3.817,-0.486,-47.672
69.395,4,4,3.837,-0.505,-48.896
69.495,4,4,3.856,-0.524,-50.135
69.597,4,4,3.875,-0.544,-51.396
69.696,4,4,3.893,-0.564,-52.639
69.795,4,4,3.909,-0.582,-53.752
69.894,4,4,3.926,-0.602,-54.911
69.998,4,4,3.942,-0.622,-56.082
70.095,4,4,3.957,-0.641,-57.097
70.198,4,4,3.972,-0.661,-58.059
70.301,4,4,3.987,-0.683,-59.048
70.398,4,4,3.999,-0.701,-59.776
70.504,4,4,4.012,-0.721,-60.535
70.594,4,4,4.023,-0.739,-61.184
70.698,4,4,4.036,-0.759,-61.901
70.797,4,4,4.047,-0.779,-62.561
70.894,4,4,4.058,-0.797,-63.134
71.0,4,4,4.07,-0.818,-63.759
71.096,4,4,4.079,-0.835,-64.239
71.196,4,4,4.089,-0.854,-64.731
71.297,4,4,4.099,-0.874,-65.208
71.4,4,4,4.108,-0.892,-65.621
71.494,4,4,4.117,-0.91,-65.946
71.594,4,4,4.125,-0.929,-66.221
71.695,4,4,4.133,-0.946,-66.412
71.795,4,4,4.141,-0.964,-66.543
71.895,4,4,4.149,-0.981,-66.595
71.999,4,4,4.156,-0.999,-66.574
72.095,4,4,4.163,-1.015,-66.484
72.199,4,4,4.17,-1.032,-66.309
72.312,4,4,4.178,-1.05,-66.04
72.396,4,4,4.183,-1.064,-65.759
72.497,4,4,4.19,-1.079,-65.393
72.594,4,4,4.196,-1.094,-64.955
72.699,4,4,4.203,-1.113,-64.332
72.801,4,4,4.208,-1.125,-63.82
72.896,4,4,4.214,-1.139,-63.203
72.994,4,4,4.22,-1.153,-62.525
73.096,4,4,4.226,-1.167,-61.729
73.194,4,4,4.232,-1.182,-60.879
73.299,4,4,4.238,-1.195,-60.154
73.401,4,4,4.244,-1.209,-59.368
73.495,4,4,4.249,-1.22,-58.66
73.608,4,4,4.256,-1.234,-57.773
73.694,4,4,4.261,-1.244,-57.149
73.795,4,4,4.267,-1.255,-56.422
73.901,4,4,4.274,-1.268,-55.571
73.995,4,4,4.279,-1.277,-54.899
74.096,4,4,4.285,-1.288,-54.09
74.208,4,4,4.292,-1.301,-53.036
74.298,4,4,4.296,-1.308,-52.391
74.399,4,4,4.302,-1.318,-51.505
74.5,4,4,4.306,-1.326,-50.716
74.598,4,4,4.312,-1.334,-49.846
74.696,4,4,4.317,-1.343,-48.937
74.797,4,4,4.322,-1.351,-48.073
74.896,4,4,4.327,-1.358,-47.166
75.0,4,4,4.332,-1.366,-46.172
75.095,4,4,4.336,-1.373,-45.357
75.2,4,4,4.341,-1.38,-44.367
75.295,4,4,4.345,-1.386,-43.516
75.394,4,4,4.349,-1.392,-42.613
75.502,4,4,4.354,-1.399,-41.507
75.595,4,4,4.357,-1.403,-40.806
75.695,4,4,4.361,-1.409,-39.818
75.795,4,4,4.365,-1.414,-38.948
75.904,4,4,4.368,-1.419,-38.083
75.994,4,4,4.371,-1.423,-37.276
76.096,4,4,4.374,-1.427,-36.468
76.196,4,4,4.377,-1.431,-35.541
76.298,4,4,4.38,-1.434,-34.782
76.394,4,4,4.382,-1.437,-34.104
76.496,4,4,4.384,-1.44,-33.343
76.606,4,4,4.386,-1.443,-32.552
76.694,4,4,4.388,-1.446,-31.876
76.8,4,4,4.389,-1.448,-31.241
76.898,4,4,4.391,-1.45,-30.579
77.0,4,4,4.392,-1.452,-30.011
77.095,4,4,4.392,-1.454,-29.459
77.197,4,4,4.393,-1.455,-28.973
77.297,4,4,4.394,-1.456,-28.544
77.416,4,4,4.394,-1.457,-28.134
77.495,4,4,4.395,-1.458,-27.92
77.599,4,4,4.395,-1.458,-27.712
77.694,4,4,4.395,-1.458,-27.587
77.798,4,4,4.395,-1.459,-27.533
77.894,4,4,4.395,-1.459,-27.519
77.94,4,5,4.396,-1.46,-27.534
78.004,4,5,4.414,-1.471,-27.518
78.095,4,5,4.447,-1.49,-26.669
78.194,4,5,4.484,-1.51,-25.549
78.295,4,5,4.521,-1.529,-24.487
78.394,4,5,4.56,-1.549,-23.427
78.498,4,5,4.597,-1.566,-22.495
78.596,4,5,4.637,-1.584,-21.585
78.697,4,5,4.673,-1.599,-20.882
78.794,4,5,4.709,-1.614,-20.243
78.895,4,5,4.747,-1.629,-19.625
78.994,4,5,4.784,-1.643,-19.134
79.095,4,5,4.823,-1.657,-18.683
79.195,4,5,4.859,-1.669,-18.31
79.297,4,5,4.898,-1.683,-17.979
79.395,4,5,4.933,-1.694,-17.728
79.494,4,5,4.97,-1.706,-17.524
79.594,4,5,5.006,-1.718,-17.379
79.698,4,5,5.044,-1.73,-17.308
79.795,4,5,5.079,-1.741,-17.329
79.9,4,5,5.117,-1.753,-17.457
79.995,4,5,5.15,-1.762,-17.649
80.095,4,5,5.186,-1.773,-17.955
80.199,4,5,5.221,-1.784,-18.348
80.297,4,5,5.255,-1.795,-18.781
80.395,4,5,5.292,-1.806,-19.289
80.497,4,5,5.325,-1.817,-19.812
80.594,4,5,5.358,-1.828,-20.358
80.698,4,5,5.39,-1.839,-20.91
80.796,4,5,5.422,-1.85,-21.53
80.895,4,5,5.459,-1.864,-22.309
80.994,4,5,5.486,-1.874,-22.946
81.095,4,5,5.518,-1.886,-23.741
81.196,4,5,5.549,-1.899,-24.596
81.294,4,5,5.579,-1.911,-25.454
81.394,4,5,5.609,-1.923,-26.492
81.497,4,5,5.642,-1.938,-27.816
81.597,4,5,5.669,-1.95,-28.948
81.695,4,5,5.697,-1.963,-30.222
81.794,4,5,5.725,-1.977,-31.56
81.896,4,5,5.753,-1.992,-33.001
82.002,4,5,5.783,-2.009,-34.65
82.096,4,5,5.806,-2.022,-35.916
82.205,4,5,5.834,-2.039,-37.578
82.299,4,5,5.858,-2.055,-39.101
82.397,4,5,5.881,-2.071,-40.364
82.495,4,5,5.906,-2.09,-41.729
82.6,4,5,5.928,-2.106,-42.926
82.695,4,5,5.948,-2.123,-44.142
82.8,4,5,5.972,-2.143,-45.555
82.897,4,5,5.991,-2.16,-46.725
82.996,4,5,6.012,-2.179,-48.047
83.096,4,5,6.032,-2.199,-49.389
83.194,4,5,6.052,-2.219,-50.723
83.298,4,5,6.072,-2.24,-52.132
83.394,4,5,6.085,-2.254,-53.102
83.5,4,5,6.103,-2.275,-54.524
83.597,4,5,6.121,-2.296,-55.893
83.701,4,5,6.136,-2.315,-57.076
83.801,4,5,6.151,-2.335,-58.383
83.894,4,5,6.164,-2.353,-59.518
83.996,4,5,6.178,-2.373,-60.777
84.096,4,5,6.191,-2.393,-61.993
84.199,4,5,6.204,-2.412,-63.13
84.296,4,5,6.216,-2.433,-64.248
84.4,4,5,6.226,-2.452,-65.199
84.496,4,5,6.237,-2.47,-66.102
84.594,4,5,6.247,-2.49,-66.967
84.694,4,5,6.256,-2.509,-67.719
84.795,4,5,6.265,-2.528,-68.407
84.905,4,5,6.274,-2.548,-69.053
84.998,4,5,6.282,-2.566,-69.571
85.095,4,5,6.289,-2.584,-69.991
85.194,4,5,6.296,-2.602,-70.367
85.299,4,5,6.304,-2.622,-70.716
85.397,4,5,6.31,-2.639,-70.969
85.495,4,5,6.317,-2.657,-71.179
85.6,4,5,6.323,-2.675,-71.336
85.696,4,5,6.329,-2.692,-71.427
85.797,4,5,6.335,-2.71,-71.465
85.895,4,5,6.34,-2.726,-71.444
85.995,4,5,6.346,-2.742,-71.364
86.095,4,5,6.351,-2.759,-71.228
86.197,4,5,6.357,-2.776,-70.991
86.297,4,5,6.362,-2.793,-70.647
86.406,4,5,6.366,-2.807,-70.271
86.495,4,5,6.37,-2.821,-69.83
86.601,4,5,6.375,-2.836,-69.249
86.694,4,5,6.379,-2.849,-68.663
86.796,4,5,6.383,-2.864,-67.938
86.895,4,5,6.387,-2.877,-67.167
86.998,4,5,6.392,-2.893,-66.115
87.094,4,5,6.395,-2.903,-65.381
87.194,4,5,6.399,-2.916,-64.382
87.298,4,5,6.403,-2.93,-63.124
87.394,4,5,6.407,-2.941,-62.058
87.498,4,5,6.412,-2.954,-60.703
87.596,4,5,6.415,-2.965,-59.524
87.696,4,5,6.42,-2.977,-58.14
87.798,4,5,6.424,-2.988,-56.708
87.899,4,5,6.428,-2.999,-55.307
87.997,4,5,6.432,-3.01,-53.709
88.099,4,5,6.436,-3.019,-52.346
88.195,4,5,6.44,-3.028,-50.886
88.314,4,5,6.446,-3.04,-48.972
88.395,4,5,6.449,-3.047,-47.74
88.497,4,5,6.454,-3.056,-46.078
88.596,4,5,6.458,-3.064,-44.6
88.695,4,5,6.462,-3.071,-43.072
88.796,4,5,6.466,-3.079,-41.363
88.896,4,5,6.47,-3.086,-39.955
88.994,4,5,6.474,-3.093,-38.441
89.099,4,5,6.478,-3.099,-36.88
89.194,4,5,6.482,-3.105,-35.58
89.294,4,5,6.486,-3.11,-34.294
89.399,4,5,6.489,-3.115,-33.02
89.498,4,5,6.493,-3.12,-31.743
89.601,4,5,6.496,-3.124,-30.583
89.694,4,5,6.498,-3.128,-29.547
89.798,4,5,6.501,-3.131,-28.403
89.897,4,5,6.504,-3.135,-27.248
90.011,4,5,6.507,-3.139,-26.086
90.107,4,5,6.509,-3.142,-25.247
90.195,4,5,6.512,-3.145,-24.264
90.295,4,5,6.514,-3.146,-23.845
90.412,4,5,6.516,-3.149,-23.067
90.495,4,5,6.518,-3.15,-22.639
90.599,4,5,6.519,-3.152,-22.075
90.698,4,5,6.521,-3.153,-21.62
90.795,4,5,6.522,-3.155,-21.233
90.896,4,5,6.523,-3.156,-20.835
90.996,4,5,6.524,-3.156,-20.555
91.094,4,5,6.524,-3.157,-20.304
91.195,4,5,6.524,-3.157,-20.114
91.295,4,5,6.524,-3.158,-20.016
91.395,4,5,6.525,-3.158,-19.985
91.441,4,6,6.525,-3.158,-19.993
91.496,4,6,6.539,-3.166,-20.022
91.597,4,6,6.58,-3.183,-19.001
91.702,4,6,6.628,-3.202,-16.752
91.796,4,6,6.668,-3.217,-14.859
91.895,4,6,6.713,-3.232,-12.816
91.996,4,6,6.758,-3.245,-10.87
92.097,4,6,6.808,-3.257,-8.655
92.197,4,6,6.853,-3.267,-6.561
92.294,4,6,6.894,-3.274,-4.782
92.406,4,6,6.946,-3.281,-2.614
92.499,4,6,6.989,-3.285,-1.11
92.598,4,6,7.03,-3.288,0.224
92.696,4,6,7.076,-3.289,1.643
92.813,4,6,7.128,-3.29,3.089
92.894,4,6,7.16,-3.289,3.927
92.995,4,6,7.211,-3.287,5.012
93.094,4,6,7.247,-3.285,5.765
93.198,4,6,7.293,-3.282,6.788
93.295,4,6,7.335,-3.278,7.825
93.408,4,6,7.384,-3.273,9.221
93.495,4,6,7.421,-3.269,10.353
93.607,4,6,7.471,-3.262,12.02
93.696,4,6,7.506,-3.257,13.381
93.801,4,6,7.549,-3.249,15.176
93.894,4,6,7.586,-3.242,16.671
93.995,4,6,7.625,-3.232,18.398
94.099,4,6,7.668,-3.221,20.369
94.196,4,6,7.703,-3.211,22.132
94.297,4,6,7.742,-3.198,24.139
94.394,4,6,7.777,-3.185,26.121
94.496,4,6,7.814,-3.17,28.257
94.596,4,6,7.849,-3.155,30.439
94.695,4,6,7.884,-3.138,32.577
94.797,4,6,7.92,-3.119,34.821
94.894,4,6,7.955,-3.098,37.113
94.995,4,6,7.986,-3.079,39.17
95.094,4,6,8.02,-3.055,41.547
95.194,4,6,8.047,-3.035,43.438
95.298,4,6,8.077,-3.01,45.494
95.4,4,6,8.107,-2.984,47.631
95.497,4,6,8.131,-2.962,49.404
95.596,4,6,8.156,-2.938,51.556
95.695,4,6,8.181,-2.911,53.797
95.797,4,6,8.204,-2.885,56.034
95.894,4,6,8.224,-2.861,57.983
96.003,4,6,8.247,-2.83,60.385
96.096,4,6,8.264,-2.805,62.299
96.194,4,6,8.281,-2.779,64.297
96.304,4,6,8.301,-2.747,66.71
96.395,4,6,8.315,-2.721,68.594
96.496,4,6,8.33,-2.689,70.78
96.596,4,6,8.343,-2.661,72.647
96.696,4,6,8.356,-2.63,74.557
96.795,4,6,8.366,-2.6,76.086
96.904,4,6,8.376,-2.568,77.504
96.995,4,6,8.384,-2.539,78.694
97.097,4,6,8.392,-2.51,79.855
97.194,4,6,8.399,-2.481,80.934
97.294,4,6,8.405,-2.449,82.051
97.394,4,6,8.411,-2.422,82.929
97.496,4,6,8.416,-2.39,83.873
97.597,4,6,8.42,-2.362,84.623
97.694,4,6,8.424,-2.334,85.341
97.794,4,6,8.427,-2.305,86.017
97.895,4,6,8.43,-2.277,86.601
97.997,4,6,8.432,-2.249,87.096
98.095,4,6,8.434,-2.221,87.48
98.197,4,6,8.436,-2.193,87.751
98.305,4,6,8.437,-2.162,87.881
98.394,4,6,8.438,-2.138,87.862
98.503,4,6,8.438,-2.108,87.693
98.6,4,6,8.439,-2.083,87.478
98.701,4,6,8.44,-2.056,87.202
98.795,4,6,8.441,-2.03,86.911
98.894,4,6,8.441,-2.006,86.6
99.0,4,6,8.442,-1.978,86.249
99.095,4,6,8.444,-1.952,85.871
99.203,4,6,8.445,-1.927,85.455
99.295,4,6,8.446,-1.903,85.013
99.397,4,6,8.447,-1.879,84.51
99.494,4,6,8.449,-1.853,83.915
99.595,4,6,8.45,-1.83,83.34
99.696,4,6,8.452,-1.806,82.662
99.795,4,6,8.454,-1.782,81.922
99.896,4,6,8.456,-1.759,81.135
100.002,4,6,8.458,-1.735,80.226
100.096,4,6,8.461,-1.713,79.318
100.201,4,6,8.464,-1.689,78.258
100.298,4,6,8.467,-1.666,77.194
100.405,4,6,8.47,-1.643,76.037
100.498,4,6,8.473,-1.621,74.828
100.597,4,6,8.477,-1.599,73.518
100.695,4,6,8.481,-1.581,72.239
100.796,4,6,8.485,-1.56,70.709
100.919,4,6,8.491,-1.533,68.606
100.997,4,6,8.494,-1.519,67.382
101.096,4,6,8.499,-1.501,65.766
101.201,4,6,8.505,-1.478,63.609
101.309,4,6,8.511,-1.461,61.859
101.405,4,6,8.517,-1.443,59.9
101.497,4,6,8.523,-1.427,58.156
101.605,4,6,8.53,-1.41,56.204
101.707,4,6,8.537,-1.394,54.3
101.797,4,6,8.544,-1.38,52.583
101.901,4,6,8.552,-1.363,50.463
101.998,4,6,8.559,-1.35,48.663
102.101,4,6,8.568,-1.335,46.416
102.199,4,6,8.575,-1.323,44.59
102.306,4,6,8.585,-1.308,42.348
102.396,4,6,8.593,-1.298,40.793
102.496,4,6,8.602,-1.286,39.005
102.594,4,6,8.612,-1.274,37.246
102.696,4,6,8.623,-1.262,35.273
102.797,4,6,8.632,-1.252,33.651
102.894,4,6,8.642,-1.241,31.731
102.997,4,6,8.653,-1.232,29.928
103.097,4,6,8.663,-1.222,28.143
103.194,4,6,8.673,-1.214,26.452
103.298,4,6,8.685,-1.205,24.642
103.398,4,6,8.695,-1.197,23.037
103.496,4,6,8.705,-1.19,21.64
103.595,4,6,8.715,-1.184,20.208
103.698,4,6,8.726,-1.178,18.801
103.796,4,6,8.736,-1.172,17.446
103.894,4,6,8.745,-1.167,16.372
103.994,4,6,8.755,-1.162,15.265
104.095,4,6,8.765,-1.158,14.211
104.198,4,6,8.774,-1.154,13.26
104.294,4,6,8.783,-1.151,12.506
104.397,4,6,8.792,-1.147,11.736
104.494,4,6,8.8,-1.145,11.161
104.599,4,6,8.809,-1.142,10.617
104.695,4,6,8.817,-1.14,10.214
104.798,4,6,8.824,-1.138,9.904
104.895,4,6,8.832,-1.137,9.707
104.997,4,6,8.839,-1.135,9.607
105.095,4,6,8.846,-1.134,9.618
105.196,4,6,8.852,-1.133,9.733
105.296,4,6,8.858,-1.133,9.934
105.396,4,6,8.864,-1.132,10.17
105.495,4,6,8.87,-1.131,10.408
105.597,4,6,8.876,-1.131,10.647
105.694,4,6,8.881,-1.13,10.866
105.796,4,6,8.886,-1.13,11.102
105.897,4,6,8.89,-1.129,11.303
105.999,4,6,8.895,-1.128,11.507
106.099,4,6,8.9,-1.128,11.724
106.194,4,6,8.903,-1.127,11.881
106.302,4,6,8.907,-1.127,12.077
106.398,4,6,8.91,-1.126,12.24
106.495,4,6,8.914,-1.126,12.397
106.606,4,6,8.917,-1.126,12.558
106.696,4,6,8.919,-1.125,12.682
106.795,4,6,8.922,-1.125,12.811
106.896,4,6,8.924,-1.125,12.929
106.995,4,6,8.926,-1.124,13.033
107.095,4,6,8.928,-1.124,13.132
107.199,4,6,8.929,-1.124,13.22
107.294,4,6,8.931,-1.124,13.279
107.397,4,6,8.932,-1.124,13.335
107.503,4,6,8.932,-1.123,13.381
107.594,4,6,8.933,-1.123,13.405
107.694,4,6,8.933,-1.123,13.419
107.795,4,6,8.933,-1.123,13.422
107.835,5,3,8.934,-1.123,13.431
107.894,5,3,8.949,-1.118,13.368
108.001,5,3,8.985,-1.107,12.088
108.115,5,3,9.027,-1.094,9.527
108.202,5,3,9.059,-1.086,7.578
108.294,5,3,9.089,-1.08,5.782
108.399,5,3,9.126,-1.073,3.643
108.506,5,3,9.168,-1.067,1.236
108.595,5,3,9.199,-1.064,-0.438
108.697,5,3,9.235,-1.062,-2.325
108.81,5,3,9.278,-1.061,-4.358
108.898,5,3,9.31,-1.061,-5.651
109.063,5,3,9.369,-1.065,-7.66
109.117,5,3,9.389,-1.066,-8.292
109.194,5,3,9.414,-1.069,-9.111
109.294,5,3,9.448,-1.072,-10.297
109.395,5,3,9.484,-1.077,-11.51
109.505,5,3,9.521,-1.083,-12.905
109.599,5,3,9.552,-1.088,-14.142
109.702,5,3,9.586,-1.094,-15.556
109.795,5,3,9.616,-1.101,-16.919
109.896,5,3,9.652,-1.109,-18.618
109.995,5,3,9.68,-1.116,-20.03
110.095,5,3,9.712,-1.125,-21.989
110.195,5,3,9.743,-1.134,-24.075
110.294,5,3,9.771,-1.143,-26.065
110.394,5,3,9.801,-1.154,-28.292
110.502,5,3,9.833,-1.167,-30.766
110.595,5,3,9.859,-1.179,-32.956
110.696,5,3,9.886,-1.192,-35.307
110.794,5,3,9.912,-1.206,-37.671
110.894,5,3,9.938,-1.222,-40.135
110.994,5,3,9.963,-1.238,-42.575
111.096,5,3,9.99,-1.257,-45.091
111.198,5,3,10.01,-1.274,-46.906
111.296,5,3,10.031,-1.292,-48.78
111.396,5,3,10.051,-1.311,-50.767
111.494,5,3,10.071,-1.331,-52.724
111.598,5,3,10.091,-1.351,-54.745
111.701,5,3,10.109,-1.372,-56.707
111.797,5,3,10.126,-1.393,-58.645
111.898,5,3,10.142,-1.413,-60.406
112.007,5,3,10.159,-1.437,-62.478
112.095,5,3,10.172,-1.456,-64.229
112.196,5,3,10.186,-1.479,-66.229
112.295,5,3,10.198,-1.5,-67.938
112.395,5,3,10.211,-1.524,-69.807
112.497,5,3,10.222,-1.546,-71.442
112.603,5,3,10.232,-1.57,-73.134
112.696,5,3,10.241,-1.591,-74.769
112.795,5,3,10.25,-1.613,-76.338
112.896,5,3,10.257,-1.633,-77.722
112.998,5,3,10.264,-1.655,-79.106
113.096,5,3,10.27,-1.677,-80.368
113.198,5,3,10.275,-1.699,-81.531
113.296,5,3,10.28,-1.719,-82.425
113.395,5,3,10.284,-1.74,-83.252
113.502,5,3,10.288,-1.763,-84.052
113.595,5,3,10.291,-1.786,-84.681
113.698,5,3,10.293,-1.802,-85.102
113.797,5,3,10.295,-1.822,-85.562
113.895,5,3,10.297,-1.841,-85.892
113.995,5,3,10.299,-1.861,-86.115
114.095,5,3,10.301,-1.883,-86.259
114.194,5,3,10.302,-1.9,-86.294
114.298,5,3,10.303,-1.92,-86.249
114.394,5,3,10.304,-1.938,-86.12
114.509,5,3,10.305,-1.96,-85.85
114.598,5,3,10.306,-1.976,-85.59
114.703,5,3,10.307,-1.994,-85.245
114.797,5,3,10.308,-2.013,-84.889
114.896,5,3,10.309,-2.028,-84.56
114.995,5,3,10.31,-2.045,-84.179
115.094,5,3,10.311,-2.062,-83.791
115.199,5,3,10.312,-2.08,-83.329
115.297,5,3,10.313,-2.095,-82.915
115.395,5,3,10.314,-2.111,-82.464
115.495,5,3,10.315,-2.126,-81.977
115.594,5,3,10.317,-2.141,-81.482
115.705,5,3,10.318,-2.159,-80.856
115.794,5,3,10.32,-2.172,-80.399
115.896,5,3,10.321,-2.187,-79.808
115.994,5,3,10.323,-2.201,-79.202
116.097,5,3,10.325,-2.216,-78.541
116.196,5,3,10.326,-2.229,-77.906
116.294,5,3,10.328,-2.243,-77.247
116.402,5,3,10.33,-2.258,-76.454
116.494,5,3,10.332,-2.27,-75.798
116.597,5,3,10.334,-2.283,-74.998
116.697,5,3,10.336,-2.296,-74.193
116.803,5,3,10.338,-2.309,-73.354
116.895,5,3,10.34,-2.32,-72.592
116.999,5,3,10.343,-2.335,-71.511
117.094,5,3,10.345,-2.343,-70.868
117.198,5,3,10.347,-2.355,-70.012
117.296,5,3,10.35,-2.366,-69.194
117.394,5,3,10.353,-2.378,-68.275
117.496,5,3,10.355,-2.388,-67.366
117.595,5,3,10.358,-2.398,-66.425
117.697,5,3,10.36,-2.409,-65.377
117.797,5,3,10.363,-2.419,-64.442
117.894,5,3,10.365,-2.427,-63.606
117.995,5,3,10.368,-2.436,-62.676
118.097,5,3,10.371,-2.445,-61.637
118.197,5,3,10.373,-2.452,-60.698
118.299,5,3,10.375,-2.46,-59.65
118.399,5,3,10.378,-2.468,-58.535
118.494,5,3,10.38,-2.474,-57.653
118.595,5,3,10.383,-2.482,-56.574
118.694,5,3,10.385,-2.489,-55.506
118.802,5,3,10.387,-2.495,-54.507
118.897,5,3,10.389,-2.501,-53.529
118.995,5,3,10.392,-2.506,-52.515
119.095,5,3,10.394,-2.511,-51.609
119.195,5,3,10.396,-2.517,-50.66
119.294,5,3,10.398,-2.522,-49.738
119.394,5,3,10.399,-2.526,-48.844
119.496,5,3,10.401,-2.531,-47.933
119.599,5,3,10.403,-2.535,-47.022
119.696,5,3,10.405,-2.539,-46.185
119.796,5,3,10.406,-2.542,-45.458
119.896,5,3,10.408,-2.546,-44.613
119.995,5,3,10.409,-2.549,-43.949
120.094,5,3,10.411,-2.551,-43.278
120.195,5,3,10.412,-2.554,-42.564
120.294,5,3,10.413,-2.556,-42.02
120.396,5,3,10.414,-2.559,-41.462
120.495,5,3,10.415,-2.561,-40.935
120.594,5,3,10.416,-2.563,-40.397
120.71,5,3,10.416,-2.564,-40.077
120.796,5,3,10.417,-2.565,-39.764
120.894,5,3,10.417,-2.566,-39.483
120.998,5,3,10.418,-2.567,-39.283
121.101,5,3,10.418,-2.567,-39.12
121.195,5,3,10.418,-2.568,-39.024
121.294,5,3,10.418,-2.568,-38.976
121.414,5,3,10.419,-2.568,-38.963
121.448,5,4,10.419,-2.568,-38.963
121.503,5,4,10.433,-2.581,-39.069
121.599,5,4,10.463,-2.603,-39.968
121.695,5,4,10.496,-2.629,-41.103
121.798,5,4,10.531,-2.657,-42.408
121.895,5,4,10.562,-2.683,-43.729
121.995,5,4,10.593,-2.71,-45.146
122.099,5,4,10.627,-2.741,-46.731
122.194,5,4,10.653,-2.766,-47.986
122.295,5,4,10.682,-2.795,-49.404
122.397,5,4,10.711,-2.826,-50.888
122.496,5,4,10.736,-2.854,-52.198
122.595,5,4,10.761,-2.884,-53.363
122.699,5,4,10.789,-2.918,-54.545
122.795,5,4,10.812,-2.948,-55.549
122.903,5,4,10.837,-2.981,-56.655
122.997,5,4,10.856,-3.009,-57.535
123.096,5,4,10.878,-3.04,-58.501
123.195,5,4,10.898,-3.071,-59.449
123.295,5,4,10.918,-3.102,-60.418
123.395,5,4,10.939,-3.136,-61.403
123.497,5,4,10.957,-3.167,-62.281
123.595,5,4,10.975,-3.198,-63.136
123.696,5,4,10.993,-3.23,-64.012
123.794,5,4,11.009,-3.26,-64.772
123.901,5,4,11.026,-3.294,-65.55
123.996,5,4,11.04,-3.324,-66.17
124.096,5,4,11.056,-3.357,-66.8
124.195,5,4,11.069,-3.386,-67.237
124.297,5,4,11.083,-3.417,-67.652
124.398,5,4,11.096,-3.45,-67.988
124.499,5,4,11.109,-3.48,-68.248
124.594,5,4,11.121,-3.51,-68.461
124.694,5,4,11.133,-3.539,-68.621
124.794,5,4,11.145,-3.57,-68.736
124.901,5,4,11.158,-3.602,-68.801
124.998,5,4,11.169,-3.632,-68.806
125.095,5,4,11.181,-3.663,-68.731
125.199,5,4,11.191,-3.689,-68.603
125.298,5,4,11.202,-3.718,-68.384
125.394,5,4,11.213,-3.746,-68.075
125.494,5,4,11.223,-3.773,-67.718
125.594,5,4,11.233,-3.801,-67.257
125.695,5,4,11.244,-3.829,-66.709
125.796,5,4,11.255,-3.856,-66.104
125.896,5,4,11.266,-3.883,-65.42
125.996,5,4,11.277,-3.91,-64.627
126.095,5,4,11.287,-3.935,-63.854
126.205,5,4,11.3,-3.963,-62.915
126.301,5,4,11.312,-3.99,-62.072
126.396,5,4,11.322,-4.011,-61.429
126.496,5,4,11.334,-4.035,-60.639
126.596,5,4,11.348,-4.065,-59.613
126.694,5,4,11.357,-4.082,-58.98
126.801,5,4,11.37,-4.106,-58.049
126.897,5,4,11.383,-4.129,-57.116
126.995,5,4,11.395,-4.15,-56.218
127.096,5,4,11.407,-4.171,-55.258
127.196,5,4,11.42,-4.193,-54.233
127.297,5,4,11.434,-4.214,-53.175
127.4,5,4,11.446,-4.233,-52.126
127.502,5,4,11.459,-4.254,-50.911
127.595,5,4,11.472,-4.272,-49.78
127.698,5,4,11.484,-4.29,-48.573
127.796,5,4,11.498,-4.308,-47.293
127.895,5,4,11.512,-4.326,-45.923
127.995,5,4,11.524,-4.342,-44.682
128.104,5,4,11.54,-4.36,-43.239
128.201,5,4,11.553,-4.376,-41.96
128.295,5,4,11.568,-4.391,-40.609
128.401,5,4,11.581,-4.406,-39.349
128.494,5,4,11.595,-4.419,-38.156
128.596,5,4,11.611,-4.435,-36.731
128.696,5,4,11.624,-4.446,-35.632
128.794,5,4,11.638,-4.459,-34.485
128.895,5,4,11.652,-4.471,-33.416
128.995,5,4,11.667,-4.483,-32.357
129.095,5,4,11.68,-4.492,-31.468
129.196,5,4,11.695,-4.503,-30.589
129.297,5,4,11.709,-4.513,-29.796
129.395,5,4,11.723,-4.522,-29.057
129.505,5,4,11.74,-4.533,-28.194
129.594,5,4,11.751,-4.54,-27.665
129.695,5,4,11.765,-4.548,-27.012
129.797,5,4,11.778,-4.556,-26.397
129.895,5,4,11.792,-4.564,-25.848
129.995,5,4,11.805,-4.571,-25.327
130.094,5,4,11.818,-4.578,-24.841
130.193,5,4,11.83,-4.585,-24.423
130.294,5,4,11.843,-4.591,-24.031
130.395,5,4,11.856,-4.597,-23.69
130.497,5,4,11.868,-4.603,-23.387
130.597,5,4,11.88,-4.609,-23.14
130.695,5,4,11.891,-4.614,-22.951
130.794,5,4,11.904,-4.62,-22.791
130.894,5,4,11.914,-4.624,-22.701
130.997,5,4,11.926,-4.629,-22.649
131.095,5,4,11.936,-4.633,-22.649
131.196,5,4,11.946,-4.637,-22.713
131.298,5,4,11.956,-4.641,-22.851
131.396,5,4,11.966,-4.645,-23.065
131.499,5,4,11.976,-4.649,-23.351
131.597,5,4,11.985,-4.652,-23.707
131.695,5,4,11.994,-4.655,-24.114
131.796,5,4,12.003,-4.658,-24.619
131.899,5,4,12.012,-4.661,-25.23
131.994,5,4,12.02,-4.664,-25.844
132.101,5,4,12.028,-4.666,-26.555
132.198,5,4,12.035,-4.668,-27.275
132.295,5,4,12.043,-4.671,-28.103
132.395,5,4,12.051,-4.673,-29.094
132.498,5,4,12.057,-4.675,-29.793
132.598,5,4,12.063,-4.677,-30.645
132.696,5,4,12.069,-4.679,-31.464
132.797,5,4,12.075,-4.681,-32.317
132.895,5,4,12.081,-4.683,-33.127
133.009,5,4,12.087,-4.685,-34.059
133.095,5,4,12.091,-4.687,-34.73
133.197,5,4,12.096,-4.689,-35.523
133.297,5,4,12.101,-4.69,-36.274
133.398,5,4,12.106,-4.692,-37.046
133.494,5,4,12.109,-4.694,-37.688
133.595,5,4,12.113,-4.695,-38.378
133.699,5,4,12.117,-4.697,-39.073
133.795,5,4,12.12,-4.698,-39.642
133.897,5,4,12.123,-4.699,-40.267
134.002,5,4,12.126,-4.7,-40.823
134.097,5,4,12.128,-4.701,-41.267
134.2,5,4,12.131,-4.702,-41.718
134.296,5,4,12.133,-4.703,-42.125
134.411,5,4,12.134,-4.704,-42.52
134.494,5,4,12.136,-4.705,-42.755
134.599,5,4,12.137,-4.705,-43.029
134.702,5,4,12.138,-4.706,-43.224
134.798,5,4,12.138,-4.706,-43.356
134.897,5,4,12.139,-4.706,-43.44
135.0,5,4,12.139,-4.706,-43.471
135.094,5,4,12.139,-4.706,-43.479
135.124,5,5,12.141,-4.708,-43.478
135.207,5,5,12.165,-4.731,-43.486
135.295,5,5,12.193,-4.758,-43.496
135.408,5,5,12.234,-4.797,-43.496
135.494,5,5,12.265,-4.826,-43.493
135.598,5,5,12.296,-4.856,-43.494
135.702,5,5,12.332,-4.889,-43.499
135.797,5,5,12.366,-4.922,-43.507
135.902,5,5,12.398,-4.952,-43.519
135.994,5,5,12.428,-4.981,-43.532
136.099,5,5,12.464,-5.015,-43.543
136.194,5,5,12.493,-5.043,-43.556
136.295,5,5,12.525,-5.073,-43.572
136.397,5,5,12.559,-5.105,-43.596
136.495,5,5,12.589,-5.133,-43.619
136.596,5,5,12.62,-5.163,-43.649
136.694,5,5,12.651,-5.192,-43.68
136.804,5,5,12.689,-5.229,-43.7
136.897,5,5,12.714,-5.252,-43.713
136.994,5,5,12.743,-5.28,-43.732
137.101,5,5,12.775,-5.311,-43.756
137.196,5,5,12.805,-5.34,-43.782
137.295,5,5,12.833,-5.367,-43.809
137.399,5,5,12.866,-5.398,-43.844
137.499,5,5,12.892,-5.423,-43.872
137.595,5,5,12.92,-5.45,-43.902
137.699,5,5,12.95,-5.478,-43.935
137.794,5,5,12.976,-5.504,-43.97
137.895,5,5,13.004,-5.531,-44.012
137.994,5,5,13.032,-5.557,-44.056
138.095,5,5,13.059,-5.584,-44.1
138.199,5,5,13.087,-5.611,-44.151
138.297,5,5,13.115,-5.638,-44.194
138.394,5,5,13.139,-5.661,-44.22
138.496,5,5,13.167,-5.688,-44.25
138.595,5,5,13.192,-5.712,-44.278
138.696,5,5,13.217,-5.737,-44.308
138.796,5,5,13.243,-5.762,-44.338
138.896,5,5,13.27,-5.788,-44.371
138.994,5,5,13.293,-5.811,-44.404
139.097,5,5,13.319,-5.836,-44.441
139.202,5,5,13.346,-5.862,-44.478
139.305,5,5,13.37,-5.886,-44.505
139.401,5,5,13.396,-5.912,-44.539
139.497,5,5,13.415,-5.93,-44.563
139.598,5,5,13.439,-5.954,-44.596
139.697,5,5,13.462,-5.976,-44.631
139.797,5,5,13.486,-6.0,-44.667
139.896,5,5,13.508,-6.022,-44.704
139.996,5,5,13.53,-6.044,-44.742
140.099,5,5,13.553,-6.066,-44.778
140.198,5,5,13.575,-6.088,-44.798
140.302,5,5,13.6,-6.113,-44.812
140.395,5,5,13.619,-6.132,-44.823
140.498,5,5,13.641,-6.153,-44.833
140.596,5,5,13.659,-6.172,-44.843
140.7,5,5,13.681,-6.193,-44.854
140.796,5,5,13.7,-6.212,-44.868
140.897,5,5,13.721,-6.233,-44.883
140.995,5,5,13.74,-6.252,-44.898
141.094,5,5,13.76,-6.271,-44.914
141.194,5,5,13.779,-6.291,-44.929
141.295,5,5,13.798,-6.31,-44.931
141.396,5,5,13.819,-6.331,-44.923
141.495,5,5,13.836,-6.348,-44.914
141.594,5,5,13.854,-6.366,-44.9
141.698,5,5,13.873,-6.385,-44.887
141.795,5,5,13.891,-6.402,-44.872
141.9,5,5,13.909,-6.421,-44.86
141.998,5,5,13.926,-6.438,-44.85
142.097,5,5,13.943,-6.455,-44.839
142.195,5,5,13.96,-6.471,-44.829
142.299,5,5,13.977,-6.488,-44.82
142.397,5,5,13.994,-6.505,-44.808
142.496,5,5,14.011,-6.522,-44.783
142.599,5,5,14.026,-6.537,-44.756
142.696,5,5,14.041,-6.552,-44.728
142.795,5,5,14.058,-6.568,-44.7
142.896,5,5,14.073,-6.583,-44.673
143.0,5,5,14.09,-6.601,-44.642
143.097,5,5,14.103,-6.613,-44.621
143.194,5,5,14.117,-6.627,-44.597
143.297,5,5,14.132,-6.642,-44.573
143.395,5,5,14.146,-6.656,-44.55
143.502,5,5,14.163,-6.673,-44.522
143.602,5,5,14.174,-6.684,-44.506
143.696,5,5,14.187,-6.697,-44.486
143.799,5,5,14.201,-6.71,-44.466
143.899,5,5,14.214,-6.723,-44.449
143.995,5,5,14.226,-6.734,-44.428
144.097,5,5,14.239,-6.748,-44.389
144.195,5,5,14.25,-6.759,-44.345
144.294,5,5,14.262,-6.77,-44.292
144.409,5,5,14.275,-6.784,-44.229
144.497,5,5,14.285,-6.793,-44.182
144.594,5,5,14.296,-6.804,-44.132
144.694,5,5,14.307,-6.815,-44.088
144.794,5,5,14.318,-6.825,-44.045
144.897,5,5,14.329,-6.836,-44.001
144.994,5,5,14.339,-6.846,-43.965
145.094,5,5,14.349,-6.856,-43.932
145.196,5,5,14.359,-6.865,-43.902
145.294,5,5,14.368,-6.874,-43.877
145.395,5,5,14.378,-6.884,-43.855
145.504,5,5,14.388,-6.893,-43.835
145.595,5,5,14.396,-6.901,-43.82
145.7,5,5,14.405,-6.91,-43.808
145.794,5,5,14.413,-6.917,-43.805
145.896,5,5,14.421,-6.925,-43.805
145.997,5,5,14.429,-6.933,-43.806
146.094,5,5,14.436,-6.94,-43.802
146.194,5,5,14.444,-6.947,-43.793
146.299,5,5,14.451,-6.954,-43.768
146.396,5,5,14.458,-6.96,-43.736
146.496,5,5,14.465,-6.967,-43.698
146.595,5,5,14.471,-6.973,-43.663
146.698,5,5,14.477,-6.979,-43.633
146.81,5,5,14.484,-6.986,-43.606
146.905,5,5,14.489,-6.991,-43.582
147.01,5,5,14.494,-6.996,-43.558
147.095,5,5,14.499,-7.0,-43.543
147.196,5,5,14.504,-7.005,-43.528
147.294,5,5,14.508,-7.009,-43.515
147.396,5,5,14.513,-7.014,-43.504
147.496,5,5,14.517,-7.018,-43.497
147.596,5,5,14.521,-7.021,-43.493
147.694,5,5,14.525,-7.025,-43.493
147.796,5,5,14.529,-7.028,-43.497
147.902,5,5,14.532,-7.031,-43.503
147.994,5,5,14.535,-7.034,-43.513
148.095,5,5,14.538,-7.037,-43.527
148.199,5,5,14.54,-7.039,-43.543
148.3,5,5,14.542,-7.041,-43.563
148.416,5,5,14.545,-7.044,-43.592
148.495,5,5,14.546,-7.045,-43.613
148.604,5,5,14.548,-7.046,-43.644
148.695,5,5,14.549,-7.047,-43.676
148.812,5,5,14.55,-7.048,-43.715
148.896,5,5,14.551,-7.049,-43.747
149.003,5,5,14.551,-7.049,-43.793
149.104,5,5,14.552,-7.05,-43.836
149.195,5,5,14.552,-7.05,-43.85
149.237,5,6,14.553,-7.05,-43.849
149.302,5,6,14.57,-7.068,-43.778
149.396,5,6,14.604,-7.102,-42.849
149.497,5,6,14.642,-7.139,-41.711
149.596,5,6,14.683,-7.178,-40.388
149.695,5,6,14.717,-7.209,-39.219
149.798,5,6,14.757,-7.244,-37.878
149.894,5,6,14.796,-7.276,-36.611
149.994,5,6,14.834,-7.306,-35.399
150.103,5,6,14.881,-7.342,-34.032
150.197,5,6,14.917,-7.368,-33.053
150.309,5,6,14.961,-7.398,-31.987
150.402,5,6,15.002,-7.425,-31.068
150.502,5,6,15.041,-7.45,-30.222
150.596,5,6,15.079,-7.473,-29.439
150.697,5,6,15.123,-7.5,-28.547
150.797,5,6,15.169,-7.526,-27.671
150.896,5,6,15.205,-7.546,-26.944
151.001,5,6,15.247,-7.568,-26.115
151.104,5,6,15.29,-7.59,-25.332
151.215,5,6,15.337,-7.614,-24.554
151.298,5,6,15.374,-7.631,-23.99
151.398,5,6,15.413,-7.649,-23.507
151.497,5,6,15.455,-7.669,-23.021
151.596,5,6,15.498,-7.688,-22.581
151.694,5,6,15.535,-7.703,-22.287
151.797,5,6,15.578,-7.721,-22.001
151.895,5,6,15.617,-7.737,-21.781
151.996,5,6,15.659,-7.754,-21.599
152.096,5,6,15.7,-7.771,-21.477
152.197,5,6,15.74,-7.786,-21.405
152.294,5,6,15.779,-7.802,-21.4
152.401,5,6,15.824,-7.819,-21.49
152.495,5,6,15.859,-7.833,-21.631
152.598,5,6,15.9,-7.848,-21.871
152.703,5,6,15.943,-7.865,-22.225
152.794,5,6,15.976,-7.878,-22.549
152.895,5,6,16.014,-7.893,-22.94
152.996,5,6,16.053,-7.909,-23.394
153.095,5,6,16.091,-7.925,-23.859
153.194,5,6,16.128,-7.94,-24.337
153.298,5,6,16.165,-7.956,-24.875
153.403,5,6,16.203,-7.973,-25.473
153.496,5,6,16.236,-7.988,-26.055
153.596,5,6,16.271,-8.004,-26.71
153.714,5,6,16.313,-8.024,-27.546
153.794,5,6,16.34,-8.037,-28.231
153.895,5,6,16.374,-8.054,-29.191
153.996,5,6,16.409,-8.071,-30.262
154.098,5,6,16.442,-8.089,-31.323
154.195,5,6,16.474,-8.106,-32.432
154.296,5,6,16.506,-8.124,-33.599
154.396,5,6,16.536,-8.143,-34.783
154.497,5,6,16.567,-8.162,-36.01
154.597,5,6,16.597,-8.182,-37.15
154.694,5,6,16.626,-8.201,-38.22
154.796,5,6,16.655,-8.222,-39.277
154.894,5,6,16.682,-8.242,-40.288
154.994,5,6,16.71,-8.264,-41.385
155.095,5,6,16.736,-8.285,-42.429
155.197,5,6,16.762,-8.307,-43.513
155.295,5,6,16.786,-8.328,-44.57
155.396,5,6,16.813,-8.352,-45.761
155.494,5,6,16.835,-8.372,-46.78
155.608,5,6,16.861,-8.397,-48.122
155.695,5,6,16.881,-8.417,-49.256
155.794,5,6,16.904,-8.44,-50.531
155.9,5,6,16.925,-8.464,-51.815
156.004,5,6,16.948,-8.489,-53.15
156.097,5,6,16.965,-8.509,-54.199
156.196,5,6,16.986,-8.535,-55.529
156.295,5,6,17.005,-8.559,-56.691
156.395,5,6,17.019,-8.579,-57.596
156.496,5,6,17.036,-8.603,-58.685
156.596,5,6,17.053,-8.627,-59.599
156.699,5,6,17.068,-8.652,-60.372
156.795,5,6,17.082,-8.674,-61.062
156.894,5,6,17.096,-8.698,-61.755
156.995,5,6,17.11,-8.721,-62.42
157.1,5,6,17.126,-8.749,-63.154
157.194,5,6,17.137,-8.768,-63.631
157.301,5,6,17.15,-8.793,-64.208
157.396,5,6,17.162,-8.816,-64.698
157.496,5,6,17.173,-8.838,-65.138
157.595,5,6,17.184,-8.861,-65.563
157.701,5,6,17.196,-8.885,-65.944
157.846,5,6,17.211,-8.919,-66.35
157.901,5,6,17.216,-8.93,-66.448
158.002,5,6,17.226,-8.952,-66.589
158.102,5,6,17.236,-8.973,-66.668
158.206,5,6,17.245,-8.996,-66.663
158.299,5,6,17.254,-9.016,-66.595
158.395,5,6,17.262,-9.036,-66.458
158.496,5,6,17.271,-9.057,-66.245
158.597,5,6,17.279,-9.078,-65.949
158.694,5,6,17.287,-9.097,-65.606
158.798,5,6,17.296,-9.117,-65.178
158.894,5,6,17.304,-9.136,-64.697
158.996,5,6,17.313,-9.159,-64.04
159.098,5,6,17.321,-9.177,-63.531
159.197,5,6,17.328,-9.193,-63.07
159.294,5,6,17.336,-9.211,-62.558
159.431,5,6,17.348,-9.237,-61.695
159.502,5,6,17.354,-9.248,-61.302
159.597,5,6,17.361,-9.264,-60.714
159.697,5,6,17.369,-9.281,-60.017
159.796,5,6,17.378,-9.298,-59.254
159.895,5,6,17.385,-9.312,-58.566
159.997,5,6,17.393,-9.328,-57.768
160.095,5,6,17.401,-9.343,-56.972
160.197,5,6,17.411,-9.36,-56.013
160.296,5,6,17.418,-9.374,-55.224
160.401,5,6,17.426,-9.388,-54.326
160.495,5,6,17.436,-9.405,-53.201
160.596,5,6,17.443,-9.416,-52.445
160.696,5,6,17.45,-9.427,-51.591
160.797,5,6,17.458,-9.44,-50.534
160.914,5,6,17.467,-9.455,-49.201
161.004,5,6,17.473,-9.465,-48.238
161.095,5,6,17.48,-9.475,-47.197
161.196,5,6,17.488,-9.486,-46.013
161.296,5,6,17.495,-9.497,-44.799
161.394,5,6,17.503,-9.507,-43.601
161.5,5,6,17.511,-9.518,-42.284
161.598,5,6,17.518,-9.527,-41.159
161.695,5,6,17.526,-9.536,-39.963
161.794,5,6,17.533,-9.544,-38.852
161.894,5,6,17.541,-9.553,-37.667
161.994,5,6,17.548,-9.561,-36.571
162.095,5,6,17.556,-9.569,-35.386
162.195,5,6,17.562,-9.576,-34.382
162.303,5,6,17.57,-9.583,-33.268
162.394,5,6,17.576,-9.589,-32.381
162.501,5,6,17.584,-9.596,-31.279
162.596,5,6,17.59,-9.601,-30.454
162.697,5,6,17.596,-9.606,-29.617
162.794,5,6,17.602,-9.611,-28.815
162.896,5,6,17.609,-9.616,-28.057
162.996,5,6,17.615,-9.621,-27.367
163.095,5,6,17.62,-9.625,-26.746
163.201,5,6,17.626,-9.629,-26.138
163.295,5,6,17.631,-9.632,-25.734
163.395,5,6,17.636,-9.635,-25.409
163.495,5,6,17.641,-9.638,-25.123
163.598,5,6,17.646,-9.64,-24.877
163.697,5,6,17.65,-9.643,-24.695
163.799,5,6,17.654,-9.645,-24.543
163.894,5,6,17.658,-9.647,-24.437
163.995,5,6,17.661,-9.649,-24.36
164.1,5,6,17.665,-9.65,-24.331
164.194,5,6,17.668,-9.651,-24.34
164.307,5,6,17.671,-9.653,-24.409
164.398,5,6,17.673,-9.654,-24.491
164.499,5,6,17.676,-9.654,-24.638
164.596,5,6,17.678,-9.655,-24.777
164.696,5,6,17.68,-9.656,-24.951
164.794,5,6,17.681,-9.656,-25.107
164.894,5,6,17.682,-9.656,-25.24
164.994,5,6,17.684,-9.657,-25.367
165.097,5,6,17.684,-9.657,-25.44
165.197,5,6,17.685,-9.657,-25.493
165.294,5,6,17.685,-9.657,-25.519
165.395,5,6,17.685,-9.657,-25.525
165.496,5,6,17.685,-9.657,-25.526
165.529,6,3,17.687,-9.659,-25.552
165.609,6,3,17.724,-9.679,-26.424
165.699,6,3,17.747,-9.689,-27.574
165.795,6,3,17.786,-9.704,-30.499
165.896,6,3,17.826,-9.722,-33.975
165.995,6,3,17.865,-9.743,-37.521
166.096,6,3,17.899,-9.763,-40.75
166.196,6,3,17.934,-9.787,-44.271
166.306,6,3,17.972,-9.816,-48.168
166.396,6,3,18.002,-9.843,-51.646
166.496,6,3,18.033,-9.874,-55.697
166.6,6,3,18.06,-9.903,-59.446
166.697,6,3,18.083,-9.932,-63.232
166.798,6,3,18.107,-9.966,-67.44
166.898,6,3,18.125,-9.997,-71.149
167.0,6,3,18.142,-10.031,-74.77
167.094,6,3,18.156,-10.063,-77.878
167.195,6,3,18.169,-10.1,-81.317
167.297,6,3,18.178,-10.136,-84.422
167.395,6,3,18.186,-10.173,-87.218
167.503,6,3,18.192,-10.211,-90.008
167.596,6,3,18.196,-10.25,-92.836
167.694,6,3,18.197,-10.283,-95.206
167.795,6,3,18.198,-10.321,-97.837
167.896,6,3,18.196,-10.361,-100.447
167.998,6,3,18.192,-10.402,-102.987
168.095,6,3,18.187,-10.435,-105.011
168.194,6,3,18.181,-10.468,-106.995
168.296,6,3,18.174,-10.504,-109.31
168.396,6,3,18.164,-10.541,-111.693
168.498,6,3,18.155,-10.572,-113.717
168.596,6,3,18.144,-10.605,-115.994
168.699,6,3,18.133,-10.637,-118.462
168.795,6,3,18.12,-10.668,-121.095
168.901,6,3,18.107,-10.697,-123.605
168.996,6,3,18.094,-10.724,-126.082
169.099,6,3,18.077,-10.754,-129.019
169.198,6,3,18.061,-10.781,-131.922
169.295,6,3,18.044,-10.806,-134.786
169.394,6,3,18.025,-10.831,-137.716
169.494,6,3,18.004,-10.856,-140.796
169.61,6,3,17.98,-10.883,-144.096
169.735,6,3,17.95,-10.91,-147.445
169.795,6,3,17.937,-10.921,-148.863
169.898,6,3,17.911,-10.941,-151.477
169.994,6,3,17.888,-10.957,-153.79
170.096,6,3,17.861,-10.974,-156.119
170.205,6,3,17.834,-10.99,-158.464
170.295,6,3,17.812,-11.002,-160.294
170.394,6,3,17.787,-11.014,-162.329
170.495,6,3,17.761,-11.025,-164.347
170.604,6,3,17.732,-11.037,-166.532
170.694,6,3,17.71,-11.045,-168.156
170.808,6,3,17.68,-11.054,-170.187
170.905,6,3,17.651,-11.062,-172.162
170.994,6,3,17.631,-11.067,-173.517
171.104,6,3,17.602,-11.073,-175.478
171.199,6,3,17.578,-11.077,-177.131
171.294,6,3,17.554,-11.081,-178.616
171.405,6,3,17.527,-11.084,179.837
171.496,6,3,17.504,-11.086,178.638
171.599,6,3,17.479,-11.087,177.436
171.7,6,3,17.455,-11.087,176.43
171.796,6,3,17.431,-11.087,175.594
171.908,6,3,17.404,-11.086,174.785
171.997,6,3,17.381,-11.084,174.239
172.095,6,3,17.359,-11.083,173.713
172.196,6,3,17.336,-11.081,173.159
172.294,6,3,17.315,-11.08,172.65
172.396,6,3,17.292,-11.078,172.025
172.497,6,3,17.268,-11.076,171.303
172.595,6,3,17.248,-11.074,170.619
172.7,6,3,17.225,-11.071,169.78
172.8,6,3,17.203,-11.069,168.889
172.899,6,3,17.181,-11.066,167.93
173.0,6,3,17.161,-11.063,166.972
173.095,6,3,17.142,-11.06,165.971
173.2,6,3,17.121,-11.057,164.78
173.305,6,3,17.099,-11.053,163.441
173.394,6,3,17.082,-11.05,162.387
173.494,6,3,17.062,-11.046,160.938
173.598,6,3,17.042,-11.042,159.399
173.694,6,3,17.023,-11.037,157.818
173.801,6,3,17.002,-11.032,156.039
173.897,6,3,16.986,-11.027,154.605
173.997,6,3,16.967,-11.021,152.836
174.097,6,3,16.946,-11.014,150.748
174.194,6,3,16.934,-11.01,149.52
174.302,6,3,16.916,-11.003,147.597
174.395,6,3,16.902,-10.997,145.841
174.495,6,3,16.887,-10.991,143.843
174.597,6,3,16.87,-10.983,141.513
174.696,6,3,16.857,-10.977,139.749
174.799,6,3,16.843,-10.969,137.569
174.9,6,3,16.83,-10.962,135.504
174.996,6,3,16.818,-10.955,133.5
175.096,6,3,16.806,-10.947,131.521
175.202,6,3,16.794,-10.938,129.458
175.295,6,3,16.785,-10.932,127.892
175.401,6,3,16.774,-10.923,125.751
175.496,6,3,16.766,-10.916,124.159
175.598,6,3,16.756,-10.908,122.242
175.695,6,3,16.748,-10.9,120.489
175.798,6,3,16.74,-10.892,118.64
175.895,6,3,16.733,-10.884,116.925
175.998,6,3,16.725,-10.876,115.158
176.097,6,3,16.718,-10.868,113.482
176.199,6,3,16.712,-10.86,111.751
176.297,6,3,16.706,-10.853,110.18
176.397,6,3,16.701,-10.845,108.677
176.495,6,3,16.696,-10.838,107.221
176.6,6,3,16.691,-10.83,105.67
176.697,6,3,16.686,-10.823,104.35
176.794,6,3,16.682,-10.816,103.067
176.896,6,3,16.679,-10.808,101.83
176.994,6,3,16.675,-10.801,100.683
177.096,6,3,16.672,-10.794,99.572
177.2,6,3,16.669,-10.786,98.588
177.302,6,3,16.667,-10.78,97.783
177.396,6,3,16.665,-10.773,97.062
177.505,6,3,16.663,-10.766,96.435
177.613,6,3,16.661,-10.76,95.969
177.697,6,3,16.661,-10.755,95.73
177.797,6,3,16.66,-10.75,95.516
177.897,6,3,16.659,-10.744,95.434
177.996,6,3,16.659,-10.74,95.472
178.094,6,3,16.659,-10.735,95.566
178.198,6,3,16.658,-10.73,95.672
178.298,6,3,16.658,-10.726,95.775
178.395,6,3,16.658,-10.722,95.876
178.505,6,3,16.657,-10.718,95.967
178.596,6,3,16.657,-10.714,96.052
178.695,6,3,16.657,-10.712,96.127
178.799,6,3,16.657,-10.708,96.208
178.896,6,3,16.657,-10.706,96.278
178.997,6,3,16.657,-10.703,96.344
179.102,6,3,16.656,-10.701,96.412
179.195,6,3,16.656,-10.699,96.463
179.306,6,3,16.656,-10.697,96.512
179.395,6,3,16.656,-10.696,96.55
179.495,6,3,16.656,-10.694,96.588
179.598,6,3,16.656,-10.693,96.618
179.694,6,3,16.656,-10.693,96.641
179.796,6,3,16.656,-10.692,96.657
179.894,6,3,16.656,-10.692,96.669
179.994,6,3,16.656,-10.692,96.674
180.097,6,3,16.656,-10.691,96.677
180.132,6,4,16.655,-10.691,96.688
180.218,6,4,16.65,-10.664,96.704
180.302,6,4,16.645,-10.625,96.138
180.394,6,4,16.638,-10.58,94.985
180.497,6,4,16.632,-10.53,93.266
180.596,6,4,16.627,-10.481,91.623
180.695,6,4,16.623,-10.435,90.162
180.795,6,4,16.622,-10.391,88.828
180.895,6,4,16.621,-10.344,87.512
181.0,6,4,16.621,-10.297,86.138
181.096,6,4,16.622,-10.252,84.906
181.205,6,4,16.625,-10.201,83.596
181.297,6,4,16.628,-10.159,82.473
181.395,6,4,16.632,-10.115,81.211
181.497,6,4,16.637,-10.072,79.839
181.606,6,4,16.644,-10.023,78.284
181.694,6,4,16.65,-9.985,77.024
181.796,6,4,16.658,-9.939,75.478
181.894,6,4,16.667,-9.898,74.118
182.002,6,4,16.679,-9.849,72.36
182.095,6,4,16.688,-9.813,71.027
182.197,6,4,16.7,-9.772,69.385
182.296,6,4,16.712,-9.731,67.7
182.399,6,4,16.727,-9.69,65.871
182.502,6,4,16.741,-9.65,63.721
182.597,6,4,16.757,-9.612,61.502
182.697,6,4,16.773,-9.576,59.295
182.794,6,4,16.791,-9.537,56.825
182.903,6,4,16.811,-9.501,54.336
182.996,6,4,16.83,-9.469,52.101
183.096,6,4,16.851,-9.436,49.609
183.203,6,4,16.876,-9.401,46.969
183.294,6,4,16.899,-9.373,45.111
183.394,6,4,16.923,-9.345,43.195
183.503,6,4,16.952,-9.314,41.019
183.596,6,4,16.978,-9.288,39.107
183.695,6,4,17.004,-9.263,37.202
183.798,6,4,17.034,-9.236,35.075
183.894,6,4,17.06,-9.215,33.286
183.996,6,4,17.091,-9.191,31.091
184.099,6,4,17.124,-9.167,28.846
184.196,6,4,17.151,-9.149,27.059
184.298,6,4,17.183,-9.129,24.889
184.395,6,4,17.214,-9.112,22.821
184.495,6,4,17.246,-9.095,20.738
184.598,6,4,17.276,-9.081,18.852
184.698,6,4,17.308,-9.067,16.989
184.795,6,4,17.338,-9.056,15.395
184.895,6,4,17.372,-9.044,13.751
184.994,6,4,17.4,-9.035,12.425
185.098,6,4,17.433,-9.026,11.062
185.202,6,4,17.469,-9.017,9.734
185.294,6,4,17.498,-9.01,8.755
185.399,6,4,17.529,-9.004,7.765
185.496,6,4,17.559,-8.999,6.849
185.594,6,4,17.59,-8.994,5.955
185.694,6,4,17.621,-8.989,5.127
185.796,6,4,17.654,-8.985,4.394
185.894,6,4,17.684,-8.982,3.801
185.994,6,4,17.716,-8.979,3.318
186.094,6,4,17.745,-8.977,2.972
186.201,6,4,17.777,-8.975,2.73
186.294,6,4,17.807,-8.974,2.622
186.394,6,4,17.837,-8.973,2.645
186.494,6,4,17.863,-8.972,2.785
186.599,6,4,17.893,-8.971,3.069
186.696,6,4,17.921,-8.97,3.38
186.794,6,4,17.951,-8.969,3.76
186.897,6,4,17.978,-8.967,4.153
186.996,6,4,18.006,-8.966,4.608
187.096,6,4,18.034,-8.965,5.122
187.197,6,4,18.062,-8.963,5.672
187.299,6,4,18.089,-8.961,6.232
187.396,6,4,18.115,-8.959,6.848
187.496,6,4,18.143,-8.957,7.607
187.594,6,4,18.169,-8.955,8.384
187.695,6,4,18.195,-8.952,9.232
187.8,6,4,18.22,-8.95,10.192
187.894,6,4,18.243,-8.947,11.175
188.004,6,4,18.273,-8.943,12.564
188.1,6,4,18.294,-8.94,13.703
188.195,6,4,18.316,-8.937,14.949
188.298,6,4,18.342,-8.933,16.566
188.395,6,4,18.364,-8.929,18.009
188.496,6,4,18.386,-8.924,19.646
188.598,6,4,18.409,-8.919,21.409
188.701,6,4,18.432,-8.913,23.404
188.795,6,4,18.453,-8.907,25.301
188.894,6,4,18.474,-8.901,27.302
189.01,6,4,18.499,-8.892,29.882
189.105,6,4,18.519,-8.885,32.001
189.194,6,4,18.536,-8.878,33.936
189.294,6,4,18.555,-8.869,36.163
189.396,6,4,18.574,-8.86,38.56
189.513,6,4,18.596,-8.848,41.309
189.597,6,4,18.611,-8.838,43.004
189.696,6,4,18.627,-8.827,44.793
189.796,6,4,18.642,-8.816,46.545
189.899,6,4,18.658,-8.804,48.517
189.996,6,4,18.671,-8.793,50.227
190.094,6,4,18.685,-8.781,52.054
190.199,6,4,18.699,-8.768,53.903
190.296,6,4,18.711,-8.756,55.645
190.394,6,4,18.723,-8.743,57.419
190.495,6,4,18.734,-8.731,59.132
190.594,6,4,18.745,-8.718,60.901
190.697,6,4,18.756,-8.705,62.585
190.796,6,4,18.766,-8.691,64.294
190.894,6,4,18.774,-8.679,65.803
191.001,6,4,18.784,-8.665,67.576
191.098,6,4,18.791,-8.652,69.035
191.196,6,4,18.798,-8.641,70.359
191.295,6,4,18.805,-8.628,71.733
191.399,6,4,18.813,-8.613,73.323
191.494,6,4,18.818,-8.602,74.417
191.598,6,4,18.823,-8.589,75.715
191.699,6,4,18.829,-8.576,77.011
191.796,6,4,18.834,-8.564,78.107
191.895,6,4,18.837,-8.554,78.955
191.996,6,4,18.841,-8.542,79.848
192.098,6,4,18.844,-8.53,80.667
192.194,6,4,18.847,-8.518,81.331
192.299,6,4,18.85,-8.508,81.849
192.395,6,4,18.852,-8.498,82.231
192.5,6,4,18.854,-8.486,82.548
192.595,6,4,18.855,-8.476,82.713
192.697,6,4,18.857,-8.466,82.757
192.794,6,4,18.858,-8.457,82.694
192.895,6,4,18.858,-8.448,82.508
192.998,6,4,18.859,-8.437,82.203
193.097,6,4,18.86,-8.429,81.917
193.198,6,4,18.861,-8.42,81.641
193.297,6,4,18.861,-8.412,81.355
193.4,6,4,18.862,-8.403,81.038
193.508,6,4,18.863,-8.394,80.694
193.601,6,4,18.864,-8.387,80.441
193.697,6,4,18.865,-8.38,80.175
193.797,6,4,18.865,-8.373,79.896
193.894,6,4,18.866,-8.366,79.632
193.999,6,4,18.867,-8.359,79.331
194.094,6,4,18.868,-8.353,79.063
194.202,6,4,18.868,-8.345,78.737
194.294,6,4,18.869,-8.34,78.515
194.408,6,4,18.87,-8.334,78.217
194.502,6,4,18.871,-8.329,77.968
194.595,6,4,18.871,-8.324,77.737
194.698,6,4,18.872,-8.319,77.491
194.807,6,4,18.873,-8.313,77.195
194.895,6,4,18.873,-8.31,77.026
194.994,6,4,18.874,-8.306,76.817
195.106,6,4,18.874,-8.301,76.585
195.199,6,4,18.875,-8.298,76.401
195.295,6,4,18.875,-8.295,76.211
195.396,6,4,18.876,-8.292,76.061
195.494,6,4,18.876,-8.289,75.91
195.605,6,4,18.877,-8.286,75.748
195.695,6,4,18.877,-8.284,75.633
195.802,6,4,18.877,-8.282,75.514
195.895,6,4,18.877,-8.281,75.425
196.003,6,4,18.878,-8.279,75.335
196.094,6,4,18.878,-8.278,75.272
196.207,6,4,18.878,-8.277,75.209
196.295,6,4,18.878,-8.276,75.18
196.397,6,4,18.878,-8.276,75.158
196.498,6,4,18.878,-8.275,75.147
196.606,6,4,18.878,-8.275,75.144
196.656,6,5,18.88,-8.274,75.106
196.712,6,5,18.888,-8.254,74.9
196.807,6,5,18.899,-8.206,73.938
196.896,6,5,18.91,-8.164,72.938
197.01,6,5,18.926,-8.104,71.409
197.099,6,5,18.94,-8.059,70.18
197.223,6,5,18.959,-7.998,68.285
197.296,6,5,18.97,-7.966,67.12
197.395,6,5,18.987,-7.919,65.262
197.494,6,5,19.011,-7.861,62.819
197.602,6,5,19.029,-7.819,60.961
197.701,6,5,19.049,-7.779,59.067
197.795,6,5,19.07,-7.737,57.06
197.895,6,5,19.096,-7.693,55.109
197.996,6,5,19.121,-7.653,53.408
198.094,6,5,19.148,-7.613,51.663
198.197,6,5,19.177,-7.573,49.826
198.295,6,5,19.207,-7.534,47.991
198.395,6,5,19.239,-7.494,46.031
198.494,6,5,19.266,-7.463,44.333
198.594,6,5,19.298,-7.427,42.212
198.702,6,5,19.337,-7.388,39.582
198.795,6,5,19.364,-7.362,37.808
198.894,6,5,19.399,-7.331,35.559
198.996,6,5,19.434,-7.302,33.404
199.112,6,5,19.478,-7.269,30.881
199.201,6,5,19.508,-7.249,29.424
199.295,6,5,19.544,-7.226,27.861
199.398,6,5,19.583,-7.203,26.236
199.531,6,5,19.637,-7.174,24.055
199.6,6,5,19.663,-7.16,23.033
199.703,6,5,19.706,-7.14,21.426
199.795,6,5,19.737,-7.126,20.191
199.899,6,5,19.778,-7.109,18.67
200.004,6,5,19.821,-7.092,17.182
200.094,6,5,19.858,-7.079,15.947
200.207,6,5,19.903,-7.064,14.431
200.294,6,5,19.935,-7.054,13.421
200.395,6,5,19.979,-7.042,12.133
200.497,6,5,20.015,-7.033,11.244
200.6,6,5,20.055,-7.024,10.353
200.696,6,5,20.092,-7.016,9.605
200.798,6,5,20.132,-7.008,8.915
200.899,6,5,20.171,-7.001,8.363
200.999,6,5,20.209,-6.995,7.884
201.096,6,5,20.247,-6.989,7.494
201.195,6,5,20.287,-6.984,7.163
201.294,6,5,20.323,-6.979,6.955
201.398,6,5,20.362,-6.974,6.84
201.497,6,5,20.401,-6.969,6.846
201.597,6,5,20.436,-6.965,6.974
201.704,6,5,20.476,-6.961,7.229
201.799,6,5,20.511,-6.957,7.569
201.896,6,5,20.545,-6.953,8.031
201.996,6,5,20.582,-6.949,8.643
202.094,6,5,20.618,-6.945,9.366
202.208,6,5,20.659,-6.939,10.213
202.294,6,5,20.689,-6.935,10.903
202.398,6,5,20.725,-6.929,11.822
202.498,6,5,20.763,-6.923,12.781
202.596,6,5,20.794,-6.917,13.627
202.698,6,5,20.827,-6.911,14.594
202.796,6,5,20.86,-6.904,15.652
202.895,6,5,20.892,-6.896,16.762
202.996,6,5,20.926,-6.888,18.088
203.094,6,5,20.958,-6.88,19.481
203.195,6,5,20.987,-6.872,20.869
203.299,6,5,21.019,-6.862,22.49
203.396,6,5,21.05,-6.852,24.18
203.494,6,5,21.077,-6.843,25.748
203.597,6,5,21.11,-6.83,27.879
203.703,6,5,21.138,-6.818,29.818
203.795,6,5,21.165,-6.806,31.728
203.894,6,5,21.192,-6.793,33.765
203.999,6,5,21.22,-6.779,35.974
204.097,6,5,21.246,-6.763,38.176
204.194,6,5,21.269,-6.749,40.168
204.298,6,5,21.294,-6.732,41.995
204.398,6,5,21.317,-6.714,43.733
204.505,6,5,21.342,-6.694,45.666
204.604,6,5,21.362,-6.677,47.275
204.701,6,5,21.385,-6.657,49.137
204.795,6,5,21.402,-6.64,50.689
204.894,6,5,21.421,-6.621,52.365
204.995,6,5,21.439,-6.603,53.994
205.094,6,5,21.456,-6.583,55.674
205.2,6,5,21.474,-6.561,57.48
205.294,6,5,21.489,-6.543,58.95
205.394,6,5,21.504,-6.523,60.625
205.5,6,5,21.519,-6.501,62.494
205.597,6,5,21.533,-6.481,64.23
205.695,6,5,21.546,-6.459,66.041
205.795,6,5,21.557,-6.44,67.489
205.894,6,5,21.568,-6.419,69.019
205.994,6,5,21.58,-6.397,70.634
206.094,6,5,21.588,-6.377,71.908
206.196,6,5,21.598,-6.355,73.29
206.298,6,5,21.606,-6.334,74.503
206.397,6,5,21.614,-6.313,75.61
206.495,6,5,21.62,-6.293,76.453
206.596,6,5,21.626,-6.274,77.254
206.697,6,5,21.632,-6.251,78.12
206.794,6,5,21.637,-6.234,78.691
206.896,6,5,21.642,-6.214,79.31
206.994,6,5,21.646,-6.195,79.826
207.1,6,5,21.651,-6.173,80.26
207.198,6,5,21.654,-6.154,80.556
207.297,6,5,21.658,-6.136,80.775
207.397,6,5,21.661,-6.117,80.928
207.5,6,5,21.664,-6.096,81.005
207.597,6,5,21.667,-6.08,80.998
207.695,6,5,21.67,-6.062,80.919
207.798,6,5,21.673,-6.043,80.747
207.898,6,5,21.675,-6.025,80.497
208.004,6,5,21.678,-6.007,80.163
208.098,6,5,21.68,-5.991,79.81
208.199,6,5,21.682,-5.975,79.343
208.299,6,5,21.684,-5.958,78.794
208.394,6,5,21.686,-5.942,78.142
208.495,6,5,21.688,-5.927,77.438
208.595,6,5,21.69,-5.911,76.625
208.697,6,5,21.693,-5.896,75.775
208.796,6,5,21.695,-5.881,74.885
208.895,6,5,21.697,-5.867,74.004
209.008,6,5,21.7,-5.85,72.864
209.097,6,5,21.702,-5.837,71.979
209.197,6,5,21.705,-5.823,70.927
209.294,6,5,21.708,-5.81,69.89
209.394,6,5,21.711,-5.796,68.701
209.494,6,5,21.714,-5.784,67.61
209.602,6,5,21.717,-5.77,66.27
209.702,6,5,21.721,-5.757,64.946
209.794,6,5,21.724,-5.745,63.667
209.896,6,5,21.727,-5.735,62.517
209.996,6,5,21.73,-5.724,61.171
210.095,6,5,21.733,-5.713,59.777
210.213,6,5,21.738,-5.7,58.094
210.297,6,5,21.741,-5.691,56.847
210.395,6,5,21.744,-5.682,55.403
210.495,6,5,21.748,-5.672,53.866
210.597,6,5,21.751,-5.662,52.288
210.703,6,5,21.756,-5.652,50.646
210.799,6,5,21.76,-5.644,49.35
210.897,6,5,21.764,-5.636,48.03
210.998,6,5,21.768,-5.627,46.591
211.099,6,5,21.773,-5.619,45.21
211.197,6,5,21.776,-5.613,44.087
211.297,6,5,21.78,-5.607,42.917
211.4,6,5,21.784,-5.6,41.704
211.495,6,5,21.787,-5.595,40.569
211.598,6,5,21.791,-5.589,39.337
211.695,6,5,21.794,-5.584,38.2
211.8,6,5,21.798,-5.578,36.95
211.896,6,5,21.801,-5.573,35.756
211.994,6,5,21.803,-5.569,34.727
212.097,6,5,21.806,-5.565,33.545
212.196,6,5,21.809,-5.561,32.562
212.306,6,5,21.811,-5.557,31.365
212.394,6,5,21.813,-5.554,30.587
212.498,6,5,21.815,-5.551,29.546
212.595,6,5,21.817,-5.548,28.591
212.704,6,5,21.818,-5.546,27.647
212.806,6,5,21.82,-5.543,26.727
212.901,6,5,21.821,-5.541,25.951
213.006,6,5,21.822,-5.539,25.178
213.096,6,5,21.822,-5.538,24.557
213.205,6,5,21.823,-5.536,23.849
213.298,6,5,21.824,-5.535,23.361
213.401,6,5,21.824,-5.534,22.907
213.506,6,5,21.825,-5.533,22.446
213.597,6,5,21.825,-5.532,22.264
213.708,6,5,21.825,-5.532,22.026
213.805,6,5,21.826,-5.532,21.903
213.895,6,5,21.826,-5.532,21.865
213.998,6,5,21.826,-5.532,21.857
214.046,6,6,21.827,-5.531,21.87
214.102,6,6,21.845,-5.519,22.028
214.196,6,6,21.889,-5.501,22.082
214.295,6,6,21.941,-5.48,22.188
214.396,6,6,21.994,-5.459,22.382
214.499,6,6,22.049,-5.436,22.67
214.6,6,6,22.102,-5.415,23.026
214.694,6,6,22.15,-5.395,23.44
214.795,6,6,22.202,-5.374,23.962
214.901,6,6,22.258,-5.349,24.617
214.995,6,6,22.304,-5.329,25.139
215.102,6,6,22.358,-5.305,25.727
215.199,6,6,22.403,-5.284,26.264
215.297,6,6,22.453,-5.26,26.916
215.397,6,6,22.5,-5.237,27.58
215.497,6,6,22.548,-5.213,28.36
215.598,6,6,22.594,-5.19,29.18
215.702,6,6,22.646,-5.162,30.211
215.8,6,6,22.689,-5.139,31.197
215.894,6,6,22.729,-5.116,32.167
215.997,6,6,22.775,-5.089,33.358
216.101,6,6,22.823,-5.059,34.662
216.202,6,6,22.865,-5.032,35.707
216.299,6,6,22.908,-5.003,36.727
216.396,6,6,22.944,-4.977,37.618
216.505,6,6,22.988,-4.945,38.731
216.594,6,6,23.023,-4.919,39.662
216.699,6,6,23.065,-4.886,40.803
216.794,6,6,23.1,-4.858,41.915
216.895,6,6,23.139,-4.825,43.219
216.997,6,6,23.182,-4.787,44.756
217.128,6,6,23.221,-4.751,46.235
217.194,6,6,23.243,-4.73,47.104
217.3,6,6,23.282,-4.691,48.671
217.396,6,6,23.31,-4.662,49.777
217.494,6,6,23.34,-4.628,50.893
217.597,6,6,23.371,-4.593,51.96
217.699,6,6,23.4,-4.557,52.993
217.794,6,6,23.432,-4.517,54.12
217.899,6,6,23.458,-4.483,55.056
218.01,6,6,23.486,-4.446,56.071
218.095,6,6,23.508,-4.415,56.879
218.194,6,6,23.534,-4.378,57.924
218.304,6,6,23.561,-4.338,59.092
218.398,6,6,23.582,-4.305,59.997
218.495,6,6,23.604,-4.27,60.949
218.595,6,6,23.626,-4.233,61.865
218.694,6,6,23.647,-4.196,62.737
218.797,6,6,23.668,-4.158,63.519
218.901,6,6,23.689,-4.117,64.268
218.998,6,6,23.707,-4.081,64.836
219.1,6,6,23.725,-4.046,65.326
219.198,6,6,23.742,-4.01,65.791
219.294,6,6,23.759,-3.974,66.226
219.398,6,6,23.776,-3.937,66.615
219.494,6,6,23.791,-3.903,66.941
219.594,6,6,23.809,-3.862,67.27
219.695,6,6,23.823,-3.829,67.509
219.81,6,6,23.84,-3.788,67.746
219.901,6,6,23.854,-3.755,67.867
220.002,6,6,23.869,-3.718,67.92
220.098,6,6,23.881,-3.687,67.9
220.198,6,6,23.896,-3.651,67.804
220.299,6,6,23.91,-3.615,67.622
220.398,6,6,23.924,-3.581,67.402
220.496,6,6,23.937,-3.549,67.162
220.595,6,6,23.95,-3.516,66.875
220.696,6,6,23.964,-3.482,66.554
220.799,6,6,23.979,-3.447,66.166
220.896,6,6,23.991,-3.417,65.781
221.002,6,6,24.007,-3.38,65.249
221.096,6,6,24.019,-3.352,64.8
221.195,6,6,24.033,-3.321,64.266
221.294,6,6,24.047,-3.291,63.683
221.394,6,6,24.061,-3.26,62.978
221.497,6,6,24.075,-3.229,62.139
221.595,6,6,24.09,-3.199,61.237
221.699,6,6,24.105,-3.169,60.278
221.802,6,6,24.121,-3.136,59.151
221.901,6,6,24.135,-3.111,58.221
221.996,6,6,24.15,-3.084,57.14
222.105,6,6,24.166,-3.055,55.962
222.194,6,6,24.18,-3.031,54.907
222.296,6,6,24.197,-3.004,53.718
222.395,6,6,24.214,-2.979,52.654
222.498,6,6,24.231,-2.953,51.635
222.594,6,6,24.248,-2.931,50.69
222.694,6,6,24.265,-2.907,49.67
222.795,6,6,24.284,-2.883,48.586
222.902,6,6,24.302,-2.859,47.481
222.994,6,6,24.318,-2.839,46.546
223.098,6,6,24.337,-2.817,45.46
223.195,6,6,24.355,-2.797,44.434
223.296,6,6,24.374,-2.776,43.322
223.403,6,6,24.395,-2.753,42.044
223.494,6,6,24.411,-2.737,41.119
223.596,6,6,24.432,-2.716,39.881
223.696,6,6,24.449,-2.7,38.792
223.795,6,6,24.468,-2.683,37.659
223.899,6,6,24.487,-2.665,36.467
223.994,6,6,24.506,-2.649,35.339
224.108,6,6,24.527,-2.632,34.177
224.2,6,6,24.545,-2.618,33.158
224.294,6,6,24.562,-2.605,32.243
224.401,6,6,24.583,-2.59,31.2
224.499,6,6,24.602,-2.577,30.252
224.602,6,6,24.622,-2.564,29.382
224.697,6,6,24.64,-2.552,28.654
224.795,6,6,24.657,-2.542,28.04
224.897,6,6,24.678,-2.53,27.399
224.997,6,6,24.697,-2.519,26.845
225.094,6,6,24.713,-2.51,26.395
225.196,6,6,24.732,-2.5,25.925
225.295,6,6,24.75,-2.491,25.505
225.401,6,6,24.769,-2.481,25.105
225.494,6,6,24.785,-2.472,24.788
225.605,6,6,24.805,-2.463,24.467
225.703,6,6,24.823,-2.454,24.206
225.794,6,6,24.838,-2.447,24.043
225.894,6,6,24.854,-2.44,23.887
226.003,6,6,24.872,-2.431,23.771
226.104,6,6,24.889,-2.424,23.737
226.196,6,6,24.905,-2.417,23.773
226.294,6,6,24.92,-2.411,23.874
226.394,6,6,24.935,-2.405,24.057
226.494,6,6,24.95,-2.398,24.31
226.596,6,6,24.966,-2.392,24.643
226.699,6,6,24.981,-2.386,25.055
226.804,6,6,24.996,-2.38,25.534
226.895,6,6,25.009,-2.374,26.054
226.998,6,6,25.023,-2.368,26.661
227.095,6,6,25.036,-2.363,27.27
227.21,6,6,25.051,-2.357,28.089
227.296,6,6,25.063,-2.352,28.833
227.396,6,6,25.075,-2.347,29.609
227.499,6,6,25.087,-2.341,30.501
227.598,6,6,25.1,-2.336,31.49
227.7,6,6,25.111,-2.331,32.453
227.796,6,6,25.123,-2.325,33.511
227.896,6,6,25.134,-2.321,34.525
227.996,6,6,25.144,-2.315,35.638
228.094,6,6,25.154,-2.311,36.738
228.198,6,6,25.164,-2.306,37.9
228.297,6,6,25.174,-2.301,39.101
228.394,6,6,25.183,-2.296,40.237
228.499,6,6,25.192,-2.291,41.53
228.601,6,6,25.201,-2.286,42.7
228.699,6,6,25.209,-2.28,43.741
228.8,6,6,25.217,-2.275,44.602
228.895,6,6,25.223,-2.271,45.41
229.008,6,6,25.231,-2.265,46.431
229.096,6,6,25.237,-2.261,47.236
229.2,6,6,25.243,-2.256,48.133
229.302,6,6,25.249,-2.252,48.998
229.398,6,6,25.255,-2.248,49.836
229.496,6,6,25.26,-2.244,50.674
229.597,6,6,25.265,-2.24,51.515
229.7,6,6,25.27,-2.236,52.375
229.794,6,6,25.274,-2.232,53.129
229.894,6,6,25.278,-2.229,53.931
229.994,6,6,25.282,-2.226,54.696
230.095,6,6,25.286,-2.223,55.529
230.215,6,6,25.29,-2.219,56.362
230.296,6,6,25.292,-2.218,56.893
230.394,6,6,25.295,-2.215,57.55
230.495,6,6,25.298,-2.213,58.218
230.599,6,6,25.301,-2.211,58.866
230.696,6,6,25.303,-2.21,59.435
230.796,6,6,25.305,-2.208,59.978
230.895,6,6,25.306,-2.207,60.5
230.995,6,6,25.308,-2.206,60.996
231.094,6,6,25.309,-2.206,61.447
231.198,6,6,25.31,-2.205,61.825
231.296,6,6,25.311,-2.205,62.145
231.397,6,6,25.311,-2.204,62.363
231.497,6,6,25.312,-2.204,62.514
231.596,6,6,25.312,-2.204,62.591
231.698,6,6,25.312,-2.204,62.609
